ObjectID,GlobalID,Point #,Start Time at Point,Percent of the area within 50m covered by any shrub species,Percent of the area within 50m covered by sagebrush (Artemisia sp.),Shrub Species Present within 50m of the point,List any other shrub species present within 50m of the point,Count the number of trees or snags within 50m of the point,Percent of shrubs shorter than 1m,Percent of shrubs 1m-2m tall,Percent of shrubs 2m-3m tall,Percent of shrubs taller than 3m,Percent of the area within 50m of the point where cheatgrass is present,Point Notes,Next Point,ParentGlobalID,CreationDate,Creator,EditDate,Editor,Average height of shrubs within 50m of the point (cm),x,y
1,333d25a8-d562-4d66-a80b-c3187488b765,08,09:05,1,,,,0,,,,,0,,,0cca6ee5-6d1c-4233-9420-859cf827700b,5/8/2024 6:37:23 PM,will.harrod,5/8/2024 6:37:23 PM,will.harrod,,-113.68434645,41.98340654
2,24a6ec2c-ce1d-4ad8-8d5a-dd65b8c5b52c,12,09:21,1,,,,1,,,,,0,,,0cca6ee5-6d1c-4233-9420-859cf827700b,5/8/2024 6:37:23 PM,will.harrod,5/8/2024 6:37:23 PM,will.harrod,,-113.68425254,41.98126704
3,6e79da5e-fd11-4232-9d44-e88daf082234,11,09:41,1,,,,0,,,,,0,,,0cca6ee5-6d1c-4233-9420-859cf827700b,5/8/2024 6:37:23 PM,will.harrod,5/8/2024 6:37:23 PM,will.harrod,,-113.68710499,41.98111882
4,2a6d3315-44f8-4e1b-876a-bb69f4f662d1,04,11:30,2,,,,2,,,,,0,,,0cca6ee5-6d1c-4233-9420-859cf827700b,5/8/2024 6:37:23 PM,will.harrod,5/8/2024 6:37:23 PM,will.harrod,,-113.91502047,41.81041875
5,534bde94-f801-4832-a32e-9bfbd6c3bde4,01,06:45,9,,,,0,,,,,1,,,97c97f44-4c6d-40fd-ad5a-c10c26466611,5/9/2024 2:47:09 PM,reggleston,5/9/2024 2:47:09 PM,reggleston,,-113.657601668744,41.5670872144439
6,194c7e7e-4a67-4492-9116-f6f5340d1802,02,06:58,9,,,,9,,,,,3,,,97c97f44-4c6d-40fd-ad5a-c10c26466611,5/9/2024 2:47:09 PM,reggleston,5/9/2024 2:47:09 PM,reggleston,,-113.660392827942,41.5645545871158
7,d0a20dbb-c1ff-4e50-922d-ab0a68b00521,03,07:09,8,,,,0,,,,,3,,,97c97f44-4c6d-40fd-ad5a-c10c26466611,5/9/2024 2:47:09 PM,reggleston,5/9/2024 2:47:09 PM,reggleston,,-113.657394610022,41.5646525859423
8,8629ca2c-38a5-4937-81b5-5d251c52e412,04,07:25,8,,,,3,,,,,2,,,97c97f44-4c6d-40fd-ad5a-c10c26466611,5/9/2024 2:47:09 PM,reggleston,5/9/2024 2:47:09 PM,reggleston,,-113.654368660091,41.5647458280328
9,5f51659a-12cb-495e-b529-9457c7ce2334,07,07:36,8,,,,0,,,,,1,,,97c97f44-4c6d-40fd-ad5a-c10c26466611,5/9/2024 2:47:09 PM,reggleston,5/9/2024 2:47:09 PM,reggleston,,-113.654227608629,41.5625291038234
10,26bc8641-6429-43c5-a79d-226e49cfdf2d,06,07:49,8,,,,25,,,,,2,,,97c97f44-4c6d-40fd-ad5a-c10c26466611,5/9/2024 2:47:09 PM,reggleston,5/9/2024 2:47:09 PM,reggleston,,-113.657235847141,41.5624257617605
11,a127ffa9-889c-4f55-99a2-94c95033ea9c,05,08:02,7,,,,75,,,,,4,,,97c97f44-4c6d-40fd-ad5a-c10c26466611,5/9/2024 2:47:09 PM,reggleston,5/9/2024 2:47:09 PM,reggleston,,-113.660244080084,41.5623113702074
12,a4ad9e07-193c-4dae-8d47-9913ab3f0b3d,08,08:15,8,,,,70,,,,,2,Obs 11 = nice,,97c97f44-4c6d-40fd-ad5a-c10c26466611,5/9/2024 2:47:09 PM,reggleston,5/9/2024 2:47:09 PM,reggleston,,-113.657111189073,41.560189442461
13,70bdf387-60ae-43ad-852c-47c50b06554f,09,08:27,7,,,,7,,,,,1,,,97c97f44-4c6d-40fd-ad5a-c10c26466611,5/9/2024 2:47:09 PM,reggleston,5/9/2024 2:47:09 PM,reggleston,,-113.656959446061,41.557962711427
14,3f4f01eb-34d4-4e15-97da-74eb1ce7845a,10,08:38,8,,,,1,,,,,4,,,97c97f44-4c6d-40fd-ad5a-c10c26466611,5/9/2024 2:47:09 PM,reggleston,5/9/2024 2:47:09 PM,reggleston,,-113.65679728207,41.5557164808756
15,915c0a8e-76ad-46c5-ae05-19099387b4b7,01,07:50,0,,,,0,,,,,0,,,d4eee6be-72c2-4636-94ee-2e54c96f2f25,5/9/2024 6:01:38 PM,will.harrod,5/9/2024 6:01:38 PM,will.harrod,,-113.626457,41.54965337
16,c84d8247-75d8-47a8-b63b-2028efd735ef,02,07:50,0,,,,0,,,,,0,,,d4eee6be-72c2-4636-94ee-2e54c96f2f25,5/9/2024 6:01:38 PM,will.harrod,5/9/2024 6:01:38 PM,will.harrod,,-113.62904317,41.54718243
17,e20c6ba0-91c8-47fb-be7a-8c15eb5c248b,03,07:50,1,,,,0,,,,,0,,,d4eee6be-72c2-4636-94ee-2e54c96f2f25,5/9/2024 6:01:38 PM,will.harrod,5/9/2024 6:01:38 PM,will.harrod,,-113.626307,41.54735547
18,02577d81-4d0e-4256-9857-c47154ee06fc,04,07:50,0,,,,0,,,,,0,,,d4eee6be-72c2-4636-94ee-2e54c96f2f25,5/9/2024 6:01:38 PM,will.harrod,5/9/2024 6:01:38 PM,will.harrod,,-113.62327603,41.54759405
19,b82de65d-b20f-4913-895b-e4b6fc3a31c4,07,07:50,0,,,,0,,,,,0,,,d4eee6be-72c2-4636-94ee-2e54c96f2f25,5/9/2024 6:01:38 PM,will.harrod,5/9/2024 6:01:38 PM,will.harrod,,-113.62282919,41.54547506
20,e5f8e951-66d6-4a3f-b51c-35cb641b226f,06,07:50,1,,,,0,,,,,0,,,d4eee6be-72c2-4636-94ee-2e54c96f2f25,5/9/2024 6:01:38 PM,will.harrod,5/9/2024 6:01:38 PM,will.harrod,,-113.62576425,41.54505759
21,106c0ac1-ec7c-40b1-8750-ea03e7ba64fa,05,07:50,0,,,,0,,,,,0,,,d4eee6be-72c2-4636-94ee-2e54c96f2f25,5/9/2024 6:01:38 PM,will.harrod,5/9/2024 6:01:38 PM,will.harrod,,-113.62876355,41.54482165
22,6f94a3bd-49da-4b71-9af5-a44d8cafee6b,08,07:50,1,,,,0,,,,,0,,,d4eee6be-72c2-4636-94ee-2e54c96f2f25,5/9/2024 6:01:38 PM,will.harrod,5/9/2024 6:01:38 PM,will.harrod,,-113.62555088,41.54286882
23,523a9b82-810e-4336-b9d5-38e62389bf61,09,07:50,0,,,,0,,,,,0,,,d4eee6be-72c2-4636-94ee-2e54c96f2f25,5/9/2024 6:01:38 PM,will.harrod,5/9/2024 6:01:38 PM,will.harrod,,-113.62517042,41.5407616
24,71847060-2f5b-49cb-99dc-2c39088395a4,10,07:50,0,,,,0,,,,,0,,,d4eee6be-72c2-4636-94ee-2e54c96f2f25,5/9/2024 6:01:38 PM,will.harrod,5/9/2024 6:01:38 PM,will.harrod,,-113.62474442,41.53859296
25,26fa0fb2-75ca-405f-ac8a-a1ac34020549,05,07:31,2,,,,42,,,,,0,,,e64e1e9c-6170-492f-a1c6-720babdad008,5/9/2024 6:33:21 PM,will.harrod,5/9/2024 6:33:21 PM,will.harrod,,-113.71850843,41.57485698
26,85f2a3c7-61c6-4ae8-b07a-a720318a5097,01,07:45,2,,,,27,,,,,0,,,e64e1e9c-6170-492f-a1c6-720babdad008,5/9/2024 6:33:21 PM,will.harrod,5/9/2024 6:33:21 PM,will.harrod,,-113.71864141,41.57713572
27,40a5344b-6d1f-4fe7-a560-346c366d629f,02,07:55,2,,,,35,,,,,0,,,e64e1e9c-6170-492f-a1c6-720babdad008,5/9/2024 6:33:21 PM,will.harrod,5/9/2024 6:33:21 PM,will.harrod,,-113.71558028,41.5770993
28,959d5688-8dbc-4d66-b44e-7f226be62ad0,03,08:06,2,,,,63,,,,,0,,,e64e1e9c-6170-492f-a1c6-720babdad008,5/9/2024 6:33:21 PM,will.harrod,5/9/2024 6:33:21 PM,will.harrod,,-113.71255958,41.57722493
29,6c5ce984-0975-44c2-91b0-b625acf91b75,04,08:16,1,,,,47,,,,,0,,,e64e1e9c-6170-492f-a1c6-720babdad008,5/9/2024 6:33:21 PM,will.harrod,5/9/2024 6:33:21 PM,will.harrod,,-113.7095469,41.57726024
30,7a14f431-367f-4b44-a49b-bce2c4baff96,08,08:29,2,,,,26,,,,,0,,,e64e1e9c-6170-492f-a1c6-720babdad008,5/9/2024 6:33:21 PM,will.harrod,5/9/2024 6:33:21 PM,will.harrod,,-113.70947152,41.57503128
31,2533cecb-b117-4325-982a-90367e2e3950,12,08:40,2,,,,19,,,,,0,Wind blowing hard from the north,,e64e1e9c-6170-492f-a1c6-720babdad008,5/9/2024 6:33:21 PM,will.harrod,5/9/2024 6:33:21 PM,will.harrod,,-113.70937606,41.57280061
32,9e6a06b6-30e4-4b13-8e4e-2bf057927a6b,16,09:36,3,,,,42,,,,,0,Wind blowing hard from the north,,e64e1e9c-6170-492f-a1c6-720babdad008,5/9/2024 6:33:21 PM,will.harrod,5/9/2024 6:33:21 PM,will.harrod,,-113.70926565,41.57057804
33,81f3a889-fec2-47f1-ae95-e88c81b27634,15,09:36,2,,,,10,,,,,0,Heavy wind ,,e64e1e9c-6170-492f-a1c6-720babdad008,5/9/2024 6:33:21 PM,will.harrod,5/9/2024 6:33:21 PM,will.harrod,,-113.71228228,41.57050124
34,cdb36a0a-68ce-4196-8465-a54431d5a54c,14,09:36,2,,,,9,,,,,3,,,e64e1e9c-6170-492f-a1c6-720babdad008,5/9/2024 6:33:21 PM,will.harrod,5/9/2024 6:33:21 PM,will.harrod,,-113.71525849,41.57038986
35,fbdee0f9-6143-4e6c-bb26-da0c32eb08d9,10,09:36,2,,,,10,,,,,0,,,e64e1e9c-6170-492f-a1c6-720babdad008,5/9/2024 6:33:21 PM,will.harrod,5/9/2024 6:33:21 PM,will.harrod,,-113.71540046,41.57265624
36,6bed0a6c-42e7-49b7-bdb3-d118427f4499,11,09:36,2,,,,5,,,,,6,,,e64e1e9c-6170-492f-a1c6-720babdad008,5/9/2024 6:33:21 PM,will.harrod,5/9/2024 6:33:21 PM,will.harrod,,-113.71236967,41.57273221
37,d3f28689-c9a6-447f-b753-01140a05d18e,07,09:50,2,,,,12,,,,,0,,,e64e1e9c-6170-492f-a1c6-720babdad008,5/9/2024 6:33:21 PM,will.harrod,5/9/2024 6:33:21 PM,will.harrod,,-113.71249462,41.57498938
38,c0440d4c-9d5c-4987-ade3-191406903334,06,10:01,2,,,,16,,,,,0,Strong gusts of wind,,e64e1e9c-6170-492f-a1c6-720babdad008,5/9/2024 6:33:21 PM,will.harrod,5/9/2024 6:33:21 PM,will.harrod,,-113.71549721,41.57489812
39,00ec73ec-1184-4613-b1f0-dbeae0dc2816,09,10:13,2,,,,66,,,,,0,,,e64e1e9c-6170-492f-a1c6-720babdad008,5/9/2024 6:33:21 PM,will.harrod,5/9/2024 6:33:21 PM,will.harrod,,-113.71839414,41.57263917
40,38a4c7b9-0d29-4cd0-b603-a5be8597d8e3,13,10:25,1,,,,76,,,,,0,,,e64e1e9c-6170-492f-a1c6-720babdad008,5/9/2024 6:33:21 PM,will.harrod,5/9/2024 6:33:21 PM,will.harrod,,-113.71829988,41.57041996
41,a7be9f66-2267-465f-b1d9-f2304bf21cf0,15,06:36,1,,,,0,,,,,10,,,36ed9ee8-1233-4d6d-90d6-01d1f876f09c,5/10/2024 12:52:18 AM,will.harrod,5/10/2024 12:52:18 AM,will.harrod,,-113.713314506172,41.5298128089149
42,3792fcd5-8f3a-414b-a49f-61d53c26ab1d,16,06:47,0,,,,0,,,,,1,,,36ed9ee8-1233-4d6d-90d6-01d1f876f09c,5/10/2024 12:52:18 AM,will.harrod,5/10/2024 12:52:18 AM,will.harrod,,-113.710330017019,41.5298831363657
43,2c844f26-470c-4b77-952d-58846632647b,12,06:59,0,,,,60,,,,,10,Distances estimated due to being in a bowl that blocked rangefinder,,36ed9ee8-1233-4d6d-90d6-01d1f876f09c,5/10/2024 12:52:18 AM,will.harrod,5/10/2024 12:52:18 AM,will.harrod,,-113.710447871036,41.5321295971227
44,b93d1030-7ac2-4cde-b427-c025ea820207,08,07:14,1,,,,2,,,,,1,Sagebrush returning after fire ~0.5m,,36ed9ee8-1233-4d6d-90d6-01d1f876f09c,5/10/2024 12:52:18 AM,will.harrod,5/10/2024 12:52:18 AM,will.harrod,,-113.710579015291,41.5344192274164
45,016e3300-c1e2-4f73-a561-51cffca5df98,04,07:25,1,,,,0,,,,,1,,,36ed9ee8-1233-4d6d-90d6-01d1f876f09c,5/10/2024 12:52:18 AM,will.harrod,5/10/2024 12:52:18 AM,will.harrod,,-113.710573437369,41.5366013648506
46,6106fe00-14cf-462b-b057-97d1b66ae14c,03,07:36,1,,,,0,,,,,3,,,36ed9ee8-1233-4d6d-90d6-01d1f876f09c,5/10/2024 12:52:18 AM,will.harrod,5/10/2024 12:52:18 AM,will.harrod,,-113.713676394713,41.5365454174712
47,b7be68e8-8bf4-4cf8-89f0-3f39c44c601d,07,07:47,1,,,,0,,,,,10,,,36ed9ee8-1233-4d6d-90d6-01d1f876f09c,5/10/2024 12:52:18 AM,will.harrod,5/10/2024 12:52:18 AM,will.harrod,,-113.713542061953,41.5342677414993
48,74f4ea96-6e49-4c39-b5e8-e98a88cec59c,11,07:57,1,,,,0,,,,,8,,,36ed9ee8-1233-4d6d-90d6-01d1f876f09c,5/10/2024 12:52:18 AM,will.harrod,5/10/2024 12:52:18 AM,will.harrod,,-113.713490219422,41.5320220911991
49,a39846ce-5121-40f6-b327-faafabac25a5,10,08:07,0,,,,15,,,,,10,,,36ed9ee8-1233-4d6d-90d6-01d1f876f09c,5/10/2024 12:52:18 AM,will.harrod,5/10/2024 12:52:18 AM,will.harrod,,-113.716464655474,41.5320000189135
50,ce80c108-a062-4a35-af67-c58d196489c8,06,08:17,1,,,,2,,,,,1,,,36ed9ee8-1233-4d6d-90d6-01d1f876f09c,5/10/2024 12:52:18 AM,will.harrod,5/10/2024 12:52:18 AM,will.harrod,,-113.716600700984,41.5342878260341
51,c2dbbf46-d030-445f-b78c-ca4cfcba2de1,02,08:27,1,,,,3,,,,,4,,,36ed9ee8-1233-4d6d-90d6-01d1f876f09c,5/10/2024 12:52:18 AM,will.harrod,5/10/2024 12:52:18 AM,will.harrod,,-113.716682676571,41.5365089218309
52,94fc3df6-cf87-4d1d-a819-08cb0e83b401,01,08:37,0,,,,2,,,,,2,,,36ed9ee8-1233-4d6d-90d6-01d1f876f09c,5/10/2024 12:52:18 AM,will.harrod,5/10/2024 12:52:18 AM,will.harrod,,-113.719705708127,41.5363706846587
53,57a80625-0272-499b-9306-892e10fc9353,05,08:47,1,,,,3,,,,,9,,,36ed9ee8-1233-4d6d-90d6-01d1f876f09c,5/10/2024 12:52:18 AM,will.harrod,5/10/2024 12:52:18 AM,will.harrod,,-113.71954751423,41.5340929082303
54,7182600c-bcf0-43ad-a690-d3d96e97a2ed,09,08:58,1,,,,3,,,,,10,Lewis’s Woodpecker!!!!!!!,,36ed9ee8-1233-4d6d-90d6-01d1f876f09c,5/10/2024 12:52:18 AM,will.harrod,5/10/2024 12:52:18 AM,will.harrod,,-113.719486972035,41.5318149844881
55,479f4e14-15c3-4893-8acd-c5724fcff10e,13,09:13,1,,,,5,,,,,10,,,36ed9ee8-1233-4d6d-90d6-01d1f876f09c,5/10/2024 12:52:18 AM,will.harrod,5/10/2024 12:52:18 AM,will.harrod,,-113.719447744366,41.5296549014777
56,09c2fc5a-234b-4908-8293-8f77e5c179cd,14,09:22,1,,,,9,,,,,6,,,36ed9ee8-1233-4d6d-90d6-01d1f876f09c,5/10/2024 12:52:18 AM,will.harrod,5/10/2024 12:52:18 AM,will.harrod,,-113.716299819074,41.5297590542772
57,0d434058-aeb0-4e0d-adeb-5fc57fd65e7a,08,06:33,1,,,,3,,,,,3,,,668c8efd-e336-486d-a40b-1a43a71ad99d,5/10/2024 5:14:56 PM,will.harrod,5/10/2024 5:14:56 PM,will.harrod,,-113.02796302,42.02362502
58,3b212b52-3a9a-40b2-a133-9414136aceab,04,06:47,1,,,,15,,,,,5,,,668c8efd-e336-486d-a40b-1a43a71ad99d,5/10/2024 5:14:56 PM,will.harrod,5/10/2024 5:14:56 PM,will.harrod,,-113.0280453,42.02589522
59,29b2c136-42a8-477f-941c-e3283c5a2e90,03,06:59,1,,,,46,,,,,2,,,668c8efd-e336-486d-a40b-1a43a71ad99d,5/10/2024 5:14:56 PM,will.harrod,5/10/2024 5:14:56 PM,will.harrod,,-113.03102934,42.02586615
60,307ff752-6e8e-4366-99e9-169a45935f99,02,07:56,1,,,,72,,,,,8,Point is shown as an unburned area in field maps. This is incorrect. The area is burned,,668c8efd-e336-486d-a40b-1a43a71ad99d,5/10/2024 5:14:56 PM,will.harrod,5/10/2024 5:14:56 PM,will.harrod,,-113.03397731,42.02578836
61,518dfdae-8b07-4e68-9c13-93311fb0f472,01,07:56,1,,,,78,,,,,4,Point is shown as an unburned area in field maps. This is incorrect. The area is burned,,668c8efd-e336-486d-a40b-1a43a71ad99d,5/10/2024 5:14:56 PM,will.harrod,5/10/2024 5:14:56 PM,will.harrod,,-113.03693977,42.02573754
62,57677138-8f38-4557-b73c-dbd658a2a74b,05,07:56,0,,,,112,,,,,6,Point is shown as an unburned area in field maps. This is incorrect. The area is burned,,668c8efd-e336-486d-a40b-1a43a71ad99d,5/10/2024 5:14:56 PM,will.harrod,5/10/2024 5:14:56 PM,will.harrod,,-113.03687608,42.0235372
63,359ab858-67f2-4f24-be4f-af8239391b18,06,08:09,1,,,,112,,,,,9,Point is shown as an unburned area in field maps. This is incorrect. The area is burned,,668c8efd-e336-486d-a40b-1a43a71ad99d,5/10/2024 5:14:56 PM,will.harrod,5/10/2024 5:14:56 PM,will.harrod,,-113.03389689,42.02359386
64,b185cd27-099a-4424-a580-75de4be5cb18,10,08:22,0,,,,43,,,,,5,Point is shown as an unburned area in field maps. This is incorrect. The area is burned,,668c8efd-e336-486d-a40b-1a43a71ad99d,5/10/2024 5:14:56 PM,will.harrod,5/10/2024 5:14:56 PM,will.harrod,,-113.03380775,42.02138757
65,f25c66fa-744f-4f76-800e-a5243412f51b,09,08:36,0,,,,148,,,,,7,Point is shown as an unburned area in field maps. This is incorrect. The area is burned,,668c8efd-e336-486d-a40b-1a43a71ad99d,5/10/2024 5:14:56 PM,will.harrod,5/10/2024 5:14:56 PM,will.harrod,,-113.03677264,42.02133391
66,1aa0a2a5-7e5a-498e-a6df-d4a8f75a254c,13,08:49,1,,,,111,,,,,3,Point is shown as an unburned area in field maps. This is incorrect. The area is burned,,668c8efd-e336-486d-a40b-1a43a71ad99d,5/10/2024 5:14:56 PM,will.harrod,5/10/2024 5:14:56 PM,will.harrod,,-113.03671541,42.01913087
67,5d6e4ccf-4315-49ea-be94-15bd603e171e,14,09:04,1,,,,98,,,,,2,Point is shown as an unburned area in field maps. This is incorrect. The area is burned,,668c8efd-e336-486d-a40b-1a43a71ad99d,5/10/2024 5:14:56 PM,will.harrod,5/10/2024 5:14:56 PM,will.harrod,,-113.03376388,42.01917482
68,bd84f770-91d7-4b6c-b59e-1a08463a8651,15,09:15,0,,,,0,,,,,2,,,668c8efd-e336-486d-a40b-1a43a71ad99d,5/10/2024 5:14:56 PM,will.harrod,5/10/2024 5:14:56 PM,will.harrod,,-113.03077142,42.01923853
69,98602697-9fe3-4c83-8a71-f6e5ef67e0de,16,09:26,1,,,,0,,,,,3,,,668c8efd-e336-486d-a40b-1a43a71ad99d,5/10/2024 5:14:56 PM,will.harrod,5/10/2024 5:14:56 PM,will.harrod,,-113.02783414,42.01929879
70,128a93a8-5d87-4e4d-8480-d80efd8d8a04,12,09:36,1,,,,0,,,,,0,,,668c8efd-e336-486d-a40b-1a43a71ad99d,5/10/2024 5:14:56 PM,will.harrod,5/10/2024 5:14:56 PM,will.harrod,,-113.02787767,42.02148448
71,e89691f2-484e-4219-9c4e-a5ea17c67424,11,09:49,0,,,,2,,,,,9,,,668c8efd-e336-486d-a40b-1a43a71ad99d,5/10/2024 5:14:56 PM,will.harrod,5/10/2024 5:14:56 PM,will.harrod,,-113.03084907,42.02144293
72,05d1d7fe-0367-4b55-b62c-65831519d69b,07,10:01,0,,,,24,,,,,3,,,668c8efd-e336-486d-a40b-1a43a71ad99d,5/10/2024 5:14:56 PM,will.harrod,5/10/2024 5:14:56 PM,will.harrod,,-113.03094321,42.02365028
73,fb7d3e49-bd33-40ef-8f69-9c22c7b15fa0,08,05:49,3,,,,0,,,,,0,,,2f796e73-d9e5-493b-a72f-fdc3723dc5fc,5/13/2024 3:27:22 PM,will.harrod,5/13/2024 3:27:22 PM,will.harrod,,-113.965501652897,41.7881527662169
74,f4b568b3-a966-44bd-8e9a-27ce90aba39e,12,06:00,1,,,,0,,,,,0,Almost no sage on this slope. All birds heard from far away down slope,,2f796e73-d9e5-493b-a72f-fdc3723dc5fc,5/13/2024 3:27:22 PM,will.harrod,5/13/2024 3:27:22 PM,will.harrod,,-113.965468827256,41.7859614739036
75,6a2720b4-6539-4f29-ad33-b8a4b93a4dc3,16,06:10,2,,,,0,,,,,0,Very small sagebrush,,2f796e73-d9e5-493b-a72f-fdc3723dc5fc,5/13/2024 3:27:22 PM,will.harrod,5/13/2024 3:27:22 PM,will.harrod,,-113.965344610263,41.783705519624
76,d1cfc6cc-6874-46e7-9b78-83a08a0540ed,15,06:21,4,,,,0,,,,,0,,,2f796e73-d9e5-493b-a72f-fdc3723dc5fc,5/13/2024 3:27:22 PM,will.harrod,5/13/2024 3:27:22 PM,will.harrod,,-113.968266066746,41.7836418617563
77,b8d3b59c-6fbb-478e-8ecd-8c051684329b,11,06:33,2,,,,0,,,,,0,Very low sage,,2f796e73-d9e5-493b-a72f-fdc3723dc5fc,5/13/2024 3:27:22 PM,will.harrod,5/13/2024 3:27:22 PM,will.harrod,,-113.968448485174,41.7859560823882
78,46160290-456d-4c64-9b3f-768dd0178d2d,07,06:44,2,,,,0,,,,,0,,,2f796e73-d9e5-493b-a72f-fdc3723dc5fc,5/13/2024 3:27:22 PM,will.harrod,5/13/2024 3:27:22 PM,will.harrod,,-113.968509774129,41.7881204046412
79,cbf33143-2b5a-42d0-97b5-d3ee08a479ac,06,06:56,3,,,,0,,,,,0,,,2f796e73-d9e5-493b-a72f-fdc3723dc5fc,5/13/2024 3:27:22 PM,will.harrod,5/13/2024 3:27:22 PM,will.harrod,,-113.97161621765,41.7880541159151
80,ca40cc10-2442-48e0-8e2c-ebbed7716ac6,10,07:06,4,,,,0,,,,,0,,,2f796e73-d9e5-493b-a72f-fdc3723dc5fc,5/13/2024 3:27:22 PM,will.harrod,5/13/2024 3:27:22 PM,will.harrod,,-113.971565194734,41.7857666677263
81,bb29b313-4adb-4475-829e-b9b7c592b13a,14,07:18,5,,,,0,,,,,0,BBMA nest on point,,2f796e73-d9e5-493b-a72f-fdc3723dc5fc,5/13/2024 3:27:22 PM,will.harrod,5/13/2024 3:27:22 PM,will.harrod,,-113.971350550591,41.7835835816409
82,1845bc3e-0793-426e-8a18-5916382efd2a,13,07:32,3,,,,0,,,,,0,,,2f796e73-d9e5-493b-a72f-fdc3723dc5fc,5/13/2024 3:27:22 PM,will.harrod,5/13/2024 3:27:22 PM,will.harrod,,-113.97447644824,41.7835168572586
83,b665d785-6b9d-4eac-8f00-e42d3af89229,09,07:44,3,,,,0,,,,,0,,,2f796e73-d9e5-493b-a72f-fdc3723dc5fc,5/13/2024 3:27:22 PM,will.harrod,5/13/2024 3:27:22 PM,will.harrod,,-113.974494320451,41.7857376363313
84,cf347759-e19c-490d-ac39-7f8a60927b1c,05,07:57,5,,,,0,,,,,0,Lots of BRSP long songs,,2f796e73-d9e5-493b-a72f-fdc3723dc5fc,5/13/2024 3:27:22 PM,will.harrod,5/13/2024 3:27:22 PM,will.harrod,,-113.974708020466,41.788001576422
85,5d92d22f-8ea4-466b-8885-a6f3fcb23fc8,01,08:06,3,,,,0,,,,,0,,,2f796e73-d9e5-493b-a72f-fdc3723dc5fc,5/13/2024 3:27:22 PM,will.harrod,5/13/2024 3:27:22 PM,will.harrod,,-113.974756566556,41.7902206038635
86,825f9c33-4ea0-4d5c-83de-be7f47c211fd,02,08:19,3,,,,0,,,,,0,,,2f796e73-d9e5-493b-a72f-fdc3723dc5fc,5/13/2024 3:27:22 PM,will.harrod,5/13/2024 3:27:22 PM,will.harrod,,-113.971746382556,41.7902934488197
87,19649925-9898-478b-85b4-4d18db99f581,03,08:30,4,,,,0,,,,,0,,,2f796e73-d9e5-493b-a72f-fdc3723dc5fc,5/13/2024 3:27:22 PM,will.harrod,5/13/2024 3:27:22 PM,will.harrod,,-113.968673871332,41.7903574234975
88,2c2f5046-015e-406e-8ce4-ae767efeb15b,04,08:42,2,,,,0,,,,,0,,,2f796e73-d9e5-493b-a72f-fdc3723dc5fc,5/13/2024 3:27:22 PM,will.harrod,5/13/2024 3:27:22 PM,will.harrod,,-113.965689107996,41.7904380870561
89,ef933546-e319-4d1b-92f2-fe445d29866a,03,05:52,2,,,,0,,,,,0,,,477c1b4f-ad5f-4486-96b2-98c732d55864,5/14/2024 2:47:41 PM,will.harrod,5/14/2024 2:47:41 PM,will.harrod,50-100cm,-113.997494196325,41.8424488864307
90,86f50062-207b-4886-bbe4-32c16ed54e3e,04,06:06,2,,,,0,,,,,0,,,477c1b4f-ad5f-4486-96b2-98c732d55864,5/14/2024 2:47:41 PM,will.harrod,5/14/2024 2:47:41 PM,will.harrod,25-50cm,-113.994459818308,41.8422617833818
91,dcf58f5a-90dc-4f71-aba2-f33bc1dc7b4a,05,06:21,1,,,,0,,,,,0,,,477c1b4f-ad5f-4486-96b2-98c732d55864,5/14/2024 2:47:41 PM,will.harrod,5/14/2024 2:47:41 PM,will.harrod,50-100cm,-113.991484481986,41.8420500925864
92,8f902082-8415-4c88-b72d-3e9da1829e8a,10,06:37,1,,,,0,,,,,0,,,477c1b4f-ad5f-4486-96b2-98c732d55864,5/14/2024 2:47:41 PM,will.harrod,5/14/2024 2:47:41 PM,will.harrod,25-50cm,-113.991690637558,41.8398121704609
93,99c404a1-750e-42a5-89a3-a3b7a7216078,14,06:52,1,,,,0,,,,,0,,,477c1b4f-ad5f-4486-96b2-98c732d55864,5/14/2024 2:47:41 PM,will.harrod,5/14/2024 2:47:41 PM,will.harrod,25-50cm,-113.991900971887,41.8375921107601
94,7b3aa171-a1bf-4ea8-bf48-e06657c15d95,13,07:04,3,,,,0,,,,,0,,,477c1b4f-ad5f-4486-96b2-98c732d55864,5/14/2024 2:47:41 PM,will.harrod,5/14/2024 2:47:41 PM,will.harrod,50-100cm,-113.99499600866,41.8378455466599
95,01815cd1-b226-4f0b-bb4e-fa252662c6b4,09,07:16,1,,,,0,,,,,0,,,477c1b4f-ad5f-4486-96b2-98c732d55864,5/14/2024 2:47:41 PM,will.harrod,5/14/2024 2:47:41 PM,will.harrod,25-50cm,-113.99471643297,41.8400511698633
96,5546099c-084f-4cec-ae10-191198d5e9f8,08,07:27,3,,,,0,,,,,0,,,477c1b4f-ad5f-4486-96b2-98c732d55864,5/14/2024 2:47:41 PM,will.harrod,5/14/2024 2:47:41 PM,will.harrod,50-100cm,-113.997759290165,41.8402882917064
97,809cc305-268d-49cc-a1a3-5ab1e1e0dfd2,12,07:43,1,,,,0,,,,,0,,,477c1b4f-ad5f-4486-96b2-98c732d55864,5/14/2024 2:47:41 PM,will.harrod,5/14/2024 2:47:41 PM,will.harrod,25-50cm,-113.997999894523,41.8380017668364
98,8ac59ab2-ebbc-4ef0-bce4-5503d55f2cda,11,07:55,1,,,,25,,,,,0,,,477c1b4f-ad5f-4486-96b2-98c732d55864,5/14/2024 2:47:41 PM,will.harrod,5/14/2024 2:47:41 PM,will.harrod,25-50cm,-114.001004338682,41.8382127918779
99,5361933f-b19a-4ebf-952a-03b8daaad4b2,07,08:06,0,,,,0,,,,,0,Wind picked up on minutes 2-6,,477c1b4f-ad5f-4486-96b2-98c732d55864,5/14/2024 2:47:41 PM,will.harrod,5/14/2024 2:47:41 PM,will.harrod,0-25cm,-114.000756539779,41.8404198988636
100,ca177d0a-ffbd-4776-8b11-d7b28056db2f,06,08:30,2,,,,100,,,,,0,Point in aspen grove,,477c1b4f-ad5f-4486-96b2-98c732d55864,5/14/2024 2:47:41 PM,will.harrod,5/14/2024 2:47:41 PM,will.harrod,25-50cm,-114.003627437869,41.8407737220057
101,a1df444a-8856-4c02-9fa0-309d72748166,02,08:30,2,,,,0,,,,,0,,,477c1b4f-ad5f-4486-96b2-98c732d55864,5/14/2024 2:47:41 PM,will.harrod,5/14/2024 2:47:41 PM,will.harrod,25-50cm,-114.000583011958,41.8426953838849
102,510accf3-beeb-4faa-b248-53929a2a4903,01,08:40,1,,,,3,,,,,0,,,477c1b4f-ad5f-4486-96b2-98c732d55864,5/14/2024 2:47:41 PM,will.harrod,5/14/2024 2:47:41 PM,will.harrod,25-50cm,-114.000270926056,41.8449047965804
103,af229fed-c37a-493d-872c-1db3f64e3755,14,06:13,8,,,,0,,,,,1,,,ff75bc23-125d-48bf-b585-c368edd6383c,5/14/2024 5:48:08 PM,reggleston,5/14/2024 5:48:08 PM,reggleston,25-50cm,-113.98492600365,41.863698356363
104,95b6fee0-d22e-4289-b7e0-3b46cd74e593,13,06:31,8,,,,0,,,,,0,,,ff75bc23-125d-48bf-b585-c368edd6383c,5/14/2024 5:48:08 PM,reggleston,5/14/2024 5:48:08 PM,reggleston,25-50cm,-113.981819011025,41.863745853796
105,80e98d99-b0ca-4f8c-8f37-1587f24cdbf2,15,06:51,7,,,,0,,,,,0,,,ff75bc23-125d-48bf-b585-c368edd6383c,5/14/2024 5:48:08 PM,reggleston,5/14/2024 5:48:08 PM,reggleston,50-100cm,-113.978874019031,41.8638777458742
106,1d7d9f0d-d497-4174-8890-3018ba2964e2,16,07:15,9,,,,0,,,,,0,,,ff75bc23-125d-48bf-b585-c368edd6383c,5/14/2024 5:48:08 PM,reggleston,5/14/2024 5:48:08 PM,reggleston,50-100cm,-113.975830421076,41.8639533567779
107,c8a47a1c-56c4-435c-ad47-e4b931940ff7,12,07:37,8,,,,0,,,,,0,Pt moved a few (~4m) to east because of deep mushy snow drift,,ff75bc23-125d-48bf-b585-c368edd6383c,5/14/2024 5:48:08 PM,reggleston,5/14/2024 5:48:08 PM,reggleston,25-50cm,-113.976186489755,41.8661123636793
108,d4b0a608-aa77-4ec7-9df0-034c884d976f,11,07:54,5,,,,0,,,,,0,,,ff75bc23-125d-48bf-b585-c368edd6383c,5/14/2024 5:48:08 PM,reggleston,5/14/2024 5:48:08 PM,reggleston,25-50cm,-113.978985747028,41.8660891585208
109,74d94a0e-f052-4816-9265-1f36108bc6db,10,08:11,9,,,,0,,,,,0,,,ff75bc23-125d-48bf-b585-c368edd6383c,5/14/2024 5:48:08 PM,reggleston,5/14/2024 5:48:08 PM,reggleston,50-100cm,-113.982022495012,41.8659966472897
110,7eed0d35-f21a-4c7b-8234-51ac25737f69,09,08:27,10,,,,2,,,,,0,,,ff75bc23-125d-48bf-b585-c368edd6383c,5/14/2024 5:48:08 PM,reggleston,5/14/2024 5:48:08 PM,reggleston,100-150cm,-113.985008140037,41.8659301217388
111,85713963-1efe-4fe4-8bff-13ce22359efb,05,08:41,9,,,,39,,,,,0,,,ff75bc23-125d-48bf-b585-c368edd6383c,5/14/2024 5:48:08 PM,reggleston,5/14/2024 5:48:08 PM,reggleston,100-150cm,-113.985144037157,41.8681681955553
112,21f75174-667b-4334-b1ff-4d4bb3cfa45c,06,08:57,9,,,,1,,,,,0,,,ff75bc23-125d-48bf-b585-c368edd6383c,5/14/2024 5:48:08 PM,reggleston,5/14/2024 5:48:08 PM,reggleston,100-150cm,-113.982102789181,41.8682429869236
113,3ea03e5c-7999-48cd-a53e-24359ce8a66b,07,09:11,6,,,,3,,,,,0,,,ff75bc23-125d-48bf-b585-c368edd6383c,5/14/2024 5:48:08 PM,reggleston,5/14/2024 5:48:08 PM,reggleston,25-50cm,-113.979084995946,41.8683131258847
114,da7222e8-a06b-4bb9-8243-241130ccf644,08,09:28,8,,,,0,,,,,0,,,ff75bc23-125d-48bf-b585-c368edd6383c,5/14/2024 5:48:08 PM,reggleston,5/14/2024 5:48:08 PM,reggleston,50-100cm,-113.976058814436,41.8683997023099
115,1b4a881c-af9b-4eb3-bd89-cf7deb1e10aa,04,09:47,9,,,,23,,,,,0,,,ff75bc23-125d-48bf-b585-c368edd6383c,5/14/2024 5:48:08 PM,reggleston,5/14/2024 5:48:08 PM,reggleston,100-150cm,-113.976181952628,41.87061109409
116,0c7868ba-ae9d-46d3-bff7-eba08324bc39,03,10:01,9,,,,4,,,,,0,,,ff75bc23-125d-48bf-b585-c368edd6383c,5/14/2024 5:48:08 PM,reggleston,5/14/2024 5:48:08 PM,reggleston,100-150cm,-113.979169855028,41.8705646990222
117,0ba3639d-6572-42e0-9818-96115a798f60,02,10:16,8,,,,65,,,,,0,,,ff75bc23-125d-48bf-b585-c368edd6383c,5/14/2024 5:48:08 PM,reggleston,5/14/2024 5:48:08 PM,reggleston,100-150cm,-113.982203322216,41.8704670064048
118,a1598a7b-682c-42d5-9a80-c060bce91adc,01,10:29,8,,,,90,,,,,0,,,ff75bc23-125d-48bf-b585-c368edd6383c,5/14/2024 5:48:08 PM,reggleston,5/14/2024 5:48:08 PM,reggleston,100-150cm,-113.985253529718,41.8703938539574
119,25021c4b-8033-4a14-8af4-2511384dbe9f,04,09:28,1,,,,1,,,,,0,,,0c4b4f31-ed04-4c04-84a8-31c197a395d4,5/14/2024 7:17:36 PM,will.harrod,5/14/2024 7:17:36 PM,will.harrod,,-114.00739399,41.86731
120,31384c6e-e152-405a-888d-c1206bbc974e,03,09:28,1,,,,8,,,,,0,,,0c4b4f31-ed04-4c04-84a8-31c197a395d4,5/14/2024 7:17:36 PM,will.harrod,5/14/2024 7:17:36 PM,will.harrod,,-114.01043501,41.86739298
121,a794fc70-1d02-45ee-95bf-09b14ed28b09,02,09:28,1,,,,24,,,,,1,,,0c4b4f31-ed04-4c04-84a8-31c197a395d4,5/14/2024 7:17:36 PM,will.harrod,5/14/2024 7:17:36 PM,will.harrod,,-114.01346008,41.86748089
122,0660c51b-4707-42af-94ec-fe5ad63c145d,01,09:28,1,,,,11,,,,,0,,,0c4b4f31-ed04-4c04-84a8-31c197a395d4,5/14/2024 7:17:36 PM,will.harrod,5/14/2024 7:17:36 PM,will.harrod,,-114.01648767,41.86754528
123,3e97550a-2c51-45e9-8dbd-c0dc19ecbcc1,05,09:28,1,,,,22,,,,,4,,,0c4b4f31-ed04-4c04-84a8-31c197a395d4,5/14/2024 7:17:36 PM,will.harrod,5/14/2024 7:17:36 PM,will.harrod,,-114.01658503,41.86531756
124,3db84669-cfa1-44f3-8d75-4fd716bc849e,09,09:28,1,,,,1,,,,,4,,,0c4b4f31-ed04-4c04-84a8-31c197a395d4,5/14/2024 7:17:36 PM,will.harrod,5/14/2024 7:17:36 PM,will.harrod,,-114.01668886,41.86307158
125,1f7439f4-2440-4f3e-ab79-773f4f4ce1a3,13,09:28,0,,,,55,,,,,9,,,0c4b4f31-ed04-4c04-84a8-31c197a395d4,5/14/2024 7:17:36 PM,will.harrod,5/14/2024 7:17:36 PM,will.harrod,,-114.0167778,41.86084734
126,fdc0643a-b1ac-4dce-800f-c61a15e7ac31,14,09:28,1,,,,5,,,,,2,,,0c4b4f31-ed04-4c04-84a8-31c197a395d4,5/14/2024 7:17:36 PM,will.harrod,5/14/2024 7:17:36 PM,will.harrod,,-114.01374554,41.86077374
127,69f79883-9f93-4b67-9f5f-138379ef896c,15,09:28,0,,,,0,,,,,7,,,0c4b4f31-ed04-4c04-84a8-31c197a395d4,5/14/2024 7:17:36 PM,will.harrod,5/14/2024 7:17:36 PM,will.harrod,,-114.01071574,41.86068838
128,4b446ca8-ca73-45ef-bdfa-750de77650e2,16,09:28,1,,,,0,,,,,4,,,0c4b4f31-ed04-4c04-84a8-31c197a395d4,5/14/2024 7:17:36 PM,will.harrod,5/14/2024 7:17:36 PM,will.harrod,,-114.00768432,41.86060865
129,bc3f7fd1-3b7a-40ea-af55-71cf5dd6bea4,12,09:28,1,,,,0,,,,,1,,,0c4b4f31-ed04-4c04-84a8-31c197a395d4,5/14/2024 7:17:36 PM,will.harrod,5/14/2024 7:17:36 PM,will.harrod,,-114.0075949,41.86284675
130,d864268d-f18a-423c-bdc8-0bbb728a3656,08,09:28,1,,,,13,,,,,1,,,0c4b4f31-ed04-4c04-84a8-31c197a395d4,5/14/2024 7:17:36 PM,will.harrod,5/14/2024 7:17:36 PM,will.harrod,,-114.00750662,41.86507052
131,37fe9920-f76b-4bc3-ad8d-c4d5cef0ba6f,07,09:28,1,,,,3,,,,,1,,,0c4b4f31-ed04-4c04-84a8-31c197a395d4,5/14/2024 7:17:36 PM,will.harrod,5/14/2024 7:17:36 PM,will.harrod,,-114.01053048,41.86516636
132,44e31947-dbd2-4894-bcb9-8b830dce4289,06,09:28,1,,,,14,,,,,7,,,0c4b4f31-ed04-4c04-84a8-31c197a395d4,5/14/2024 7:17:36 PM,will.harrod,5/14/2024 7:17:36 PM,will.harrod,,-114.01356206,41.86523168
133,6f174810-80fb-49d6-852f-b8ddc9ab70e0,10,09:28,1,,,,4,,,,,3,,,0c4b4f31-ed04-4c04-84a8-31c197a395d4,5/14/2024 7:17:36 PM,will.harrod,5/14/2024 7:17:36 PM,will.harrod,,-114.01363973,41.86299874
134,5cfe238a-2484-453e-a5e3-f03ac15ed6c6,11,09:28,1,,,,0,,,,,2,,,0c4b4f31-ed04-4c04-84a8-31c197a395d4,5/14/2024 7:17:36 PM,will.harrod,5/14/2024 7:17:36 PM,will.harrod,,-114.01062393,41.86291845
135,0f6b4b98-77f5-4b96-82f5-d6064e753467,16,05:47,0,,,,0,,,,,0,,,273b03a1-a86e-4cb8-82d8-fc8016656375,5/14/2024 11:29:20 PM,will.harrod,5/14/2024 11:29:20 PM,will.harrod,50-100cm,-113.96739183,41.84683234
136,71461a54-4fe3-4dfd-b2a6-52e23bd7b6ff,15,05:58,1,,,,0,,,,,0,,,273b03a1-a86e-4cb8-82d8-fc8016656375,5/14/2024 11:29:20 PM,will.harrod,5/14/2024 11:29:20 PM,will.harrod,25-50cm,-113.97025062,41.84678548
137,57e9b15a-2ea4-4113-826f-c8a0d7c1ae7c,14,06:17,2,,,,1,,,,,0,,,273b03a1-a86e-4cb8-82d8-fc8016656375,5/14/2024 11:29:20 PM,will.harrod,5/14/2024 11:29:20 PM,will.harrod,50-100cm,-113.97345577,41.84677641
138,4aebb050-da87-4a8a-b138-136d1aff9f0e,13,06:31,3,,,,0,,,,,0,,,273b03a1-a86e-4cb8-82d8-fc8016656375,5/14/2024 11:29:20 PM,will.harrod,5/14/2024 11:29:20 PM,will.harrod,50-100cm,-113.97616518,41.84671119
139,d640ec8f-70da-457b-b0e9-927c462460f2,09,06:42,1,,,,0,,,,,0,,,273b03a1-a86e-4cb8-82d8-fc8016656375,5/14/2024 11:29:20 PM,will.harrod,5/14/2024 11:29:20 PM,will.harrod,50-100cm,-113.97650404,41.8488342
140,253421c7-3c17-4dce-aebe-457022b727ee,10,06:55,1,,,,0,,,,,0,,,273b03a1-a86e-4cb8-82d8-fc8016656375,5/14/2024 11:29:20 PM,will.harrod,5/14/2024 11:29:20 PM,will.harrod,50-100cm,-113.97349318,41.8488747
141,709a43d5-7796-4ec4-ba2b-69da9546ae61,11,07:06,3,,,,0,,,,,0,,,273b03a1-a86e-4cb8-82d8-fc8016656375,5/14/2024 11:29:20 PM,will.harrod,5/14/2024 11:29:20 PM,will.harrod,50-100cm,-113.97058785,41.84910349
142,ff7d1303-e7c1-4f82-baf5-2b7849257066,12,07:17,2,,,,0,,,,,0,,,273b03a1-a86e-4cb8-82d8-fc8016656375,5/14/2024 11:29:20 PM,will.harrod,5/14/2024 11:29:20 PM,will.harrod,50-100cm,-113.96753254,41.84913901
143,bbd687e7-0a0d-42f6-a3c6-d8a4c685984c,08,07:29,1,,,,0,,,,,0,,,273b03a1-a86e-4cb8-82d8-fc8016656375,5/14/2024 11:29:20 PM,will.harrod,5/14/2024 11:29:20 PM,will.harrod,25-50cm,-113.96758112,41.85130481
144,d1392e72-fae9-4ff7-ac7c-e236a4ed0dac,04,07:40,3,,,,2,,,,,0,,,273b03a1-a86e-4cb8-82d8-fc8016656375,5/14/2024 11:29:20 PM,will.harrod,5/14/2024 11:29:20 PM,will.harrod,50-100cm,-113.96778162,41.85352904
145,58723644-555d-4320-bb53-55f5094c492f,03,07:55,2,,,,0,,,,,0,,,273b03a1-a86e-4cb8-82d8-fc8016656375,5/14/2024 11:29:20 PM,will.harrod,5/14/2024 11:29:20 PM,will.harrod,50-100cm,-113.97076369,41.85343673
146,f794035c-bcdd-497d-84b4-f0fb46528541,02,08:06,3,,,,0,,,,,0,,,273b03a1-a86e-4cb8-82d8-fc8016656375,5/14/2024 11:29:20 PM,will.harrod,5/14/2024 11:29:20 PM,will.harrod,50-100cm,-113.97366363,41.85347149
147,e435bbf4-68e7-43f4-b82e-15cee88f5752,01,08:18,2,,,,0,,,,,0,,,273b03a1-a86e-4cb8-82d8-fc8016656375,5/14/2024 11:29:20 PM,will.harrod,5/14/2024 11:29:20 PM,will.harrod,50-100cm,-113.97668534,41.85332642
148,e0708ba9-deb4-4db8-885d-35d155b9f87e,05,08:28,2,,,,0,,,,,0,,,273b03a1-a86e-4cb8-82d8-fc8016656375,5/14/2024 11:29:20 PM,will.harrod,5/14/2024 11:29:20 PM,will.harrod,50-100cm,-113.97661836,41.85126177
149,eb9ca379-fb9b-4a34-b7ea-59c0ff9090db,06,08:43,3,,,,0,,,,,0,,,273b03a1-a86e-4cb8-82d8-fc8016656375,5/14/2024 11:29:20 PM,will.harrod,5/14/2024 11:29:20 PM,will.harrod,50-100cm,-113.97360641,41.85135626
150,d57ce7fb-0a82-4d34-8637-eed9763aa8a0,07,08:54,2,,,,0,,,,,0,,,273b03a1-a86e-4cb8-82d8-fc8016656375,5/14/2024 11:29:20 PM,will.harrod,5/14/2024 11:29:20 PM,will.harrod,50-100cm,-113.97069186,41.85132689
151,b359f192-eb8a-4e62-93fa-d8809f920182,16,05:50,3,,,,10,,,,,4,,,a42da681-dcb1-4ca1-b40f-5aea2ce135c7,5/15/2024 1:27:45 AM,reggleston,5/15/2024 1:27:45 AM,reggleston,,-114.029307664682,41.8897616807652
152,68cf41db-0221-4c73-81ef-901de32b2482,12,06:04,2,,,,11,,,,,0,,,a42da681-dcb1-4ca1-b40f-5aea2ce135c7,5/15/2024 1:27:45 AM,reggleston,5/15/2024 1:27:45 AM,reggleston,,-114.029174312581,41.8919631294681
153,3b72ee1c-75c9-4ecc-a3c1-4c2cebe29639,08,06:17,1,,,,5,,,,,3,,,a42da681-dcb1-4ca1-b40f-5aea2ce135c7,5/15/2024 1:27:45 AM,reggleston,5/15/2024 1:27:45 AM,reggleston,,-114.029080785064,41.8941920776379
154,d1ed164b-ff89-4630-a531-d01b859d9517,04,06:29,1,,,,3,,,,,4,,,a42da681-dcb1-4ca1-b40f-5aea2ce135c7,5/15/2024 1:27:45 AM,reggleston,5/15/2024 1:27:45 AM,reggleston,,-114.028911440703,41.89638888123
155,3de04b06-d269-4122-9ba5-1bb0af1dbff5,03,06:41,1,,,,8,,,,,7,,,a42da681-dcb1-4ca1-b40f-5aea2ce135c7,5/15/2024 1:27:45 AM,reggleston,5/15/2024 1:27:45 AM,reggleston,,-114.03192436248,41.8964989206405
156,2e8de988-e2be-445e-89d8-a36707c01763,07,06:54,1,,,,7,,,,,2,,,a42da681-dcb1-4ca1-b40f-5aea2ce135c7,5/15/2024 1:27:45 AM,reggleston,5/15/2024 1:27:45 AM,reggleston,,-114.032277433288,41.894314140058
157,18692b63-4aa6-4bc1-bd74-78d6c14e4bdd,11,07:08,1,,,,15,,,,,6,,,a42da681-dcb1-4ca1-b40f-5aea2ce135c7,5/15/2024 1:27:45 AM,reggleston,5/15/2024 1:27:45 AM,reggleston,,-114.032111844184,41.892071981514
158,21de50a8-c529-497e-b18b-4e1655482d3b,15,07:19,1,,,,2,,,,,6,,,a42da681-dcb1-4ca1-b40f-5aea2ce135c7,5/15/2024 1:27:45 AM,reggleston,5/15/2024 1:27:45 AM,reggleston,,-114.032295684626,41.8898565482349
159,6ad06b70-78ff-4511-a035-c3b779afd7e7,14,07:30,2,,,,10,,,,,1,,,a42da681-dcb1-4ca1-b40f-5aea2ce135c7,5/15/2024 1:27:45 AM,reggleston,5/15/2024 1:27:45 AM,reggleston,,-114.03537362804,41.8900391797141
160,d52e9fe0-43ec-4441-94a4-615d8ead21e2,10,07:41,1,,,,0,,,,,2,,,a42da681-dcb1-4ca1-b40f-5aea2ce135c7,5/15/2024 1:27:45 AM,reggleston,5/15/2024 1:27:45 AM,reggleston,,-114.03528971891,41.8919869080737
161,2002ae84-9e45-4e94-9e01-54cd88a077f7,06,07:54,0,,,,20,,,,,4,,,a42da681-dcb1-4ca1-b40f-5aea2ce135c7,5/15/2024 1:27:45 AM,reggleston,5/15/2024 1:27:45 AM,reggleston,,-114.034661355885,41.8940660573335
162,f11d9a98-9ae4-466b-aa55-c6b4d2b58bb7,02,08:04,1,,,,12,,,,,3,,,a42da681-dcb1-4ca1-b40f-5aea2ce135c7,5/15/2024 1:27:45 AM,reggleston,5/15/2024 1:27:45 AM,reggleston,,-114.034938109535,41.8966239190388
163,4e92fdee-6724-4e3c-8bb7-52c47405452c,01,08:17,1,,,,6,,,,,3,,,a42da681-dcb1-4ca1-b40f-5aea2ce135c7,5/15/2024 1:27:45 AM,reggleston,5/15/2024 1:27:45 AM,reggleston,,-114.038104807881,41.8968255422601
164,5cd7cbaa-50a3-43d9-b9cf-4b455a2a024d,05,08:33,1,,,,5,,,,,1,,,a42da681-dcb1-4ca1-b40f-5aea2ce135c7,5/15/2024 1:27:45 AM,reggleston,5/15/2024 1:27:45 AM,reggleston,,-114.038055346896,41.8943483292441
165,302bd35a-a536-4ecb-b7f3-e26bb20c2be3,09,09:02,0,,,,25,,,,,8,,,a42da681-dcb1-4ca1-b40f-5aea2ce135c7,5/15/2024 1:27:45 AM,reggleston,5/15/2024 1:27:45 AM,reggleston,,-114.037895429311,41.8921963172624
166,5fa3b6fb-3c5b-4909-9f13-1ed6d3ce5b78,13,09:02,0,,,,0,,,,,0,,,a42da681-dcb1-4ca1-b40f-5aea2ce135c7,5/15/2024 1:27:45 AM,reggleston,5/15/2024 1:27:45 AM,reggleston,,-114.03788535006,41.8902018006737
167,103ffc47-ec72-4e11-928e-15c8070eacc0,12,06:26,2,,,,0,,,,,3,,,16334b2e-6eb6-46ff-afcc-267d7c08c110,5/15/2024 3:22:32 PM,will.harrod,5/15/2024 3:22:32 PM,will.harrod,25-50cm,-114.005242458783,41.4193713857685
168,4cf4e224-49fe-4c62-8f64-91813b24aa1f,08,06:38,2,,,,0,,,,,4,,,16334b2e-6eb6-46ff-afcc-267d7c08c110,5/15/2024 3:22:32 PM,will.harrod,5/15/2024 3:22:32 PM,will.harrod,25-50cm,-114.005122981832,41.4216489497885
169,70ed0437-8abe-4756-ae1d-4f7eafcdd92c,04,06:50,2,,,,6,,,,,1,,,16334b2e-6eb6-46ff-afcc-267d7c08c110,5/15/2024 3:22:32 PM,will.harrod,5/15/2024 3:22:32 PM,will.harrod,25-50cm,-114.004958053245,41.423791133017
170,e7339371-3946-4f19-954b-9715ba59aedc,03,07:01,2,,,,3,,,,,1,,,16334b2e-6eb6-46ff-afcc-267d7c08c110,5/15/2024 3:22:32 PM,will.harrod,5/15/2024 3:22:32 PM,will.harrod,25-50cm,-114.008056658475,41.4239476560481
171,cc8e15f2-4fe8-44cf-9355-a373f9be69fc,02,07:13,2,,,,10,,,,,1,LASP courtship display ,,16334b2e-6eb6-46ff-afcc-267d7c08c110,5/15/2024 3:22:32 PM,will.harrod,5/15/2024 3:22:32 PM,will.harrod,25-50cm,-114.011117522203,41.4240021278501
172,911a84ba-e0f5-40eb-983b-4db1b11c88c0,01,07:27,2,,,,0,,,,,1,,,16334b2e-6eb6-46ff-afcc-267d7c08c110,5/15/2024 3:22:32 PM,will.harrod,5/15/2024 3:22:32 PM,will.harrod,0-25cm,-114.014127219356,41.4240598609038
173,e5dffb53-38b8-46bc-a492-e32e57d079ca,05,07:37,2,,,,0,,,,,1,,,16334b2e-6eb6-46ff-afcc-267d7c08c110,5/15/2024 3:22:32 PM,will.harrod,5/15/2024 3:22:32 PM,will.harrod,0-25cm,-114.014153999049,41.421858601657
174,58fffdf2-8fb0-4a70-8c96-50faccb099ca,06,07:49,2,,,,4,,,,,1,,,16334b2e-6eb6-46ff-afcc-267d7c08c110,5/15/2024 3:22:32 PM,will.harrod,5/15/2024 3:22:32 PM,will.harrod,0-25cm,-114.011142740672,41.4217035181217
175,c13c92e3-b493-4e54-9506-621392bc3bbc,07,07:59,2,,,,0,,,,,5,,,16334b2e-6eb6-46ff-afcc-267d7c08c110,5/15/2024 3:22:32 PM,will.harrod,5/15/2024 3:22:32 PM,will.harrod,0-25cm,-114.00812355352,41.4216603958871
176,91cc3ba8-fe74-4ae9-9b70-0867d39ea032,11,08:10,2,,,,0,,,,,7,,,16334b2e-6eb6-46ff-afcc-267d7c08c110,5/15/2024 3:22:32 PM,will.harrod,5/15/2024 3:22:32 PM,will.harrod,0-25cm,-114.008276891233,41.4194352672967
177,a6f6a715-b07e-473d-bf44-a2798b2aee78,10,08:24,1,,,,11,,,,,7,BUOW has burrow near point,,16334b2e-6eb6-46ff-afcc-267d7c08c110,5/15/2024 3:22:32 PM,will.harrod,5/15/2024 3:22:32 PM,will.harrod,25-50cm,-114.011333350251,41.4195277544674
178,39c05ed5-5cdb-4902-8d7a-519b22fc4047,09,08:35,1,,,,9,,,,,4,Start @ 8:35,,16334b2e-6eb6-46ff-afcc-267d7c08c110,5/15/2024 3:22:32 PM,will.harrod,5/15/2024 3:22:32 PM,will.harrod,0-25cm,-114.014282646739,41.419596632281
179,6fd9a9b5-8124-4012-adeb-34ef09669a0c,13,08:46,1,,,,0,,,,,7,Start @ 8:46,,16334b2e-6eb6-46ff-afcc-267d7c08c110,5/15/2024 3:22:32 PM,will.harrod,5/15/2024 3:22:32 PM,will.harrod,0-25cm,-114.014581612781,41.4173961238282
180,e8a9f446-cca7-44f0-b4ff-d09558b0819d,14,08:56,1,,,,0,,,,,2,Start @ 8:56,,16334b2e-6eb6-46ff-afcc-267d7c08c110,5/15/2024 3:22:32 PM,will.harrod,5/15/2024 3:22:32 PM,will.harrod,0-25cm,-114.011360720784,41.4172564153079
181,3e3e7554-dd09-41dd-96a8-ca218ab5d158,15,09:05,2,,,,0,,,,,5,,,16334b2e-6eb6-46ff-afcc-267d7c08c110,5/15/2024 3:22:32 PM,will.harrod,5/15/2024 3:22:32 PM,will.harrod,0-25cm,-114.008303617396,41.4172091378531
182,538dc3f1-7b29-42b5-9358-331fc638eb62,16,09:15,1,,,,0,,,,,7,,,16334b2e-6eb6-46ff-afcc-267d7c08c110,5/15/2024 3:22:32 PM,will.harrod,5/15/2024 3:22:32 PM,will.harrod,0-25cm,-114.005303674315,41.417112994727
183,d03e6f61-e882-41ec-840e-84e170f7ca75,04,06:10,1,,,,0,,,,,0,,,06f20009-ad48-4f41-98e9-2cced96890f6,5/15/2024 3:29:02 PM,will.harrod,5/15/2024 3:29:02 PM,will.harrod,0-25cm,-113.94102667,41.55093336
184,48aac179-714d-4684-86e4-073c1cf6afd4,08,06:34,1,,,,0,,,,,0,Point 8 a bit off due to unstable terrain.,,06f20009-ad48-4f41-98e9-2cced96890f6,5/15/2024 3:29:02 PM,will.harrod,5/15/2024 3:29:02 PM,will.harrod,0-25cm,-113.9411813,41.54883126
185,92104be5-11b2-47d2-86eb-8552919c0a57,12,06:48,0,,,,0,,,,,0,,,06f20009-ad48-4f41-98e9-2cced96890f6,5/15/2024 3:29:02 PM,will.harrod,5/15/2024 3:29:02 PM,will.harrod,0-25cm,-113.94087804,41.54643364
186,e8439665-1b50-4c8d-bae4-2a0856ed84b3,16,06:58,0,,,,0,,,,,0,,,06f20009-ad48-4f41-98e9-2cced96890f6,5/15/2024 3:29:02 PM,will.harrod,5/15/2024 3:29:02 PM,will.harrod,0-25cm,-113.94080349,41.54418802
187,6c0d6eb6-9003-4d0c-97ac-5fa94b3f4f1d,15,07:09,1,,,,0,,,,,0,Unknown bird called Pine siskin by Merlin,,06f20009-ad48-4f41-98e9-2cced96890f6,5/15/2024 3:29:02 PM,will.harrod,5/15/2024 3:29:02 PM,will.harrod,50-100cm,-113.9437335,41.54396932
188,bb4298b9-8ce7-4a34-afa4-ea78835a2f08,11,07:24,0,,,,0,,,,,0,,,06f20009-ad48-4f41-98e9-2cced96890f6,5/15/2024 3:29:02 PM,will.harrod,5/15/2024 3:29:02 PM,will.harrod,0-25cm,-113.94391862,41.5461763
189,d09ba902-c11a-4a2c-9eca-0dc96f09ae9f,07,07:36,0,,,,0,,,,,0,,,06f20009-ad48-4f41-98e9-2cced96890f6,5/15/2024 3:29:02 PM,will.harrod,5/15/2024 3:29:02 PM,will.harrod,0-25cm,-113.94410413,41.54848185
190,f29ba286-666b-4762-b80e-25ee32620a75,03,07:47,1,,,,0,,,,,0,Two large white birds with some gray or black feathers. Could have been gulls,,06f20009-ad48-4f41-98e9-2cced96890f6,5/15/2024 3:29:02 PM,will.harrod,5/15/2024 3:29:02 PM,will.harrod,0-25cm,-113.94415047,41.55063828
191,5e19cf6c-2a40-413b-97e3-f0519a2cd304,02,07:58,1,,,,0,,,,,0,,,06f20009-ad48-4f41-98e9-2cced96890f6,5/15/2024 3:29:02 PM,will.harrod,5/15/2024 3:29:02 PM,will.harrod,0-25cm,-113.94700236,41.55062334
192,4f7a4a72-defd-4a60-bdd8-0f21ecc66a77,06,08:22,0,,,,4,,,,,0,,,06f20009-ad48-4f41-98e9-2cced96890f6,5/15/2024 3:29:02 PM,will.harrod,5/15/2024 3:29:02 PM,will.harrod,0-25cm,-113.94705179,41.54850719
193,6c88028c-cf8e-45de-91d9-ae4e396d901a,10,08:23,0,,,,0,,,,,0,,,06f20009-ad48-4f41-98e9-2cced96890f6,5/15/2024 3:29:02 PM,will.harrod,5/15/2024 3:29:02 PM,will.harrod,0-25cm,-113.94689724,41.54626709
194,f9f16c17-b622-4d32-a4b1-be6306a9c9dd,14,08:35,1,,,,0,,,,,0,,,06f20009-ad48-4f41-98e9-2cced96890f6,5/15/2024 3:29:02 PM,will.harrod,5/15/2024 3:29:02 PM,will.harrod,25-50cm,-113.94685388,41.54404155
195,21f162e4-bd78-4a21-b445-54ae405de413,13,08:45,1,,,,0,,,,,0,,,06f20009-ad48-4f41-98e9-2cced96890f6,5/15/2024 3:29:02 PM,will.harrod,5/15/2024 3:29:02 PM,will.harrod,0-25cm,-113.94972685,41.54389933
196,4f2b32af-2ad0-4eaa-876b-3e9b3bd7d720,09,08:55,0,,,,0,,,,,0,,,06f20009-ad48-4f41-98e9-2cced96890f6,5/15/2024 3:29:02 PM,will.harrod,5/15/2024 3:29:02 PM,will.harrod,0-25cm,-113.94995217,41.5460484
197,26b627ad-a829-4fcc-88cb-32699f17e759,05,09:06,1,,,,12,,,,,0,,,06f20009-ad48-4f41-98e9-2cced96890f6,5/15/2024 3:29:02 PM,will.harrod,5/15/2024 3:29:02 PM,will.harrod,0-25cm,-113.95000758,41.54825919
198,4349a9cb-1c94-4db0-945a-7aa6840a3c80,01,09:16,1,,,,0,,,,,0,,,06f20009-ad48-4f41-98e9-2cced96890f6,5/15/2024 3:29:02 PM,will.harrod,5/15/2024 3:29:02 PM,will.harrod,0-25cm,-113.95014762,41.5505124
199,ffa93e45-0b9f-4ee7-89c6-c29eadfb54d4,05,05:58,8,,,,0,,,,,0,,,f53fa06d-5462-4e38-ae8b-ac6f3bf6c3e1,5/15/2024 5:30:22 PM,reggleston,5/15/2024 5:30:22 PM,reggleston,50-100cm,-113.933537778731,41.8219830255142
200,b718afbf-e4e6-42ac-b638-5591b6563939,10,06:18,3,,,,0,,,,,1,Wind picked up to 4-7mph,,f53fa06d-5462-4e38-ae8b-ac6f3bf6c3e1,5/15/2024 5:30:22 PM,reggleston,5/15/2024 5:30:22 PM,reggleston,0-25cm,-113.93379441922,41.8197669146705
201,e11d4eba-745e-4c41-a9e8-4a64efd054e0,14,06:34,3,,,,0,,,,,6,,,f53fa06d-5462-4e38-ae8b-ac6f3bf6c3e1,5/15/2024 5:30:22 PM,reggleston,5/15/2024 5:30:22 PM,reggleston,25-50cm,-113.934030231076,41.8175049578451
202,04349568-812c-4a08-b51b-8df65b255e80,13,06:52,6,,,,0,,,,,0,,,f53fa06d-5462-4e38-ae8b-ac6f3bf6c3e1,5/15/2024 5:30:22 PM,reggleston,5/15/2024 5:30:22 PM,reggleston,50-100cm,-113.937066161044,41.8177252122664
203,787d3d55-9689-4bdf-ac70-7e3f6e766e6e,09,07:09,6,,,,0,,,,,0,,,f53fa06d-5462-4e38-ae8b-ac6f3bf6c3e1,5/15/2024 5:30:22 PM,reggleston,5/15/2024 5:30:22 PM,reggleston,50-100cm,-113.936791594144,41.8199288762357
204,3bf4c69b-b568-4633-a5e5-b9bfeec277a7,04,07:24,5,,,,0,,,,,0,,,f53fa06d-5462-4e38-ae8b-ac6f3bf6c3e1,5/15/2024 5:30:22 PM,reggleston,5/15/2024 5:30:22 PM,reggleston,25-50cm,-113.936564996757,41.8221625796307
205,2b5b24ba-3ef7-4b81-a341-25432a739615,03,07:49,4,,,,0,,,,,0,,,f53fa06d-5462-4e38-ae8b-ac6f3bf6c3e1,5/15/2024 5:30:22 PM,reggleston,5/15/2024 5:30:22 PM,reggleston,25-50cm,-113.939537512456,41.822362922147
206,46519d51-5977-4d5a-9043-9edebf7c7737,08,08:09,2,,,,0,,,,,1,,,f53fa06d-5462-4e38-ae8b-ac6f3bf6c3e1,5/15/2024 5:30:22 PM,reggleston,5/15/2024 5:30:22 PM,reggleston,25-50cm,-113.939823593598,41.8201564736985
207,9ea1a8c5-f464-453d-97c9-62a827312bc9,12,08:31,5,,,,0,,,,,1,,,f53fa06d-5462-4e38-ae8b-ac6f3bf6c3e1,5/15/2024 5:30:22 PM,reggleston,5/15/2024 5:30:22 PM,reggleston,50-100cm,-113.940119772036,41.8179312349626
208,e939739d-92db-4a7e-82a8-29a285e22b74,11,08:55,5,,,,0,,,,,1,,,f53fa06d-5462-4e38-ae8b-ac6f3bf6c3e1,5/15/2024 5:30:22 PM,reggleston,5/15/2024 5:30:22 PM,reggleston,0-25cm,-113.943134028936,41.818125882737
209,53d1f6e1-4502-4472-aff5-2eae6cb8b054,07,09:12,3,,,,0,,,,,1,,,f53fa06d-5462-4e38-ae8b-ac6f3bf6c3e1,5/15/2024 5:30:22 PM,reggleston,5/15/2024 5:30:22 PM,reggleston,25-50cm,-113.942867658784,41.8203431530043
210,044a0a5b-770e-4db8-9d01-a0e74e808772,02,09:31,3,,,,0,,,,,1,,,f53fa06d-5462-4e38-ae8b-ac6f3bf6c3e1,5/15/2024 5:30:22 PM,reggleston,5/15/2024 5:30:22 PM,reggleston,0-25cm,-113.942632495355,41.8225770663167
211,ff94c4fc-2e3d-46a4-9ab1-e1441e307551,01,09:50,1,,,,0,,,,,1,,,f53fa06d-5462-4e38-ae8b-ac6f3bf6c3e1,5/15/2024 5:30:22 PM,reggleston,5/15/2024 5:30:22 PM,reggleston,25-50cm,-113.942376130678,41.8248165542029
212,ad6f7df7-9596-4f17-945c-4edc6425c67e,06,10:12,4,,,,0,,,,,0,,,f53fa06d-5462-4e38-ae8b-ac6f3bf6c3e1,5/15/2024 5:30:22 PM,reggleston,5/15/2024 5:30:22 PM,reggleston,50-100cm,-113.945715481212,41.8208417137403
