FID,RouteName,Point_ID,Geo_X,Geo_Y,UTM_X,UTM_Y
0,ID-B03,13,-113.2779917,42.09394452,311615.7659,4662717.284
1,ID-B03,14,-113.2750286,42.09387909,311860.6303,4662703.488
2,ID-B03,15,-113.2720655,42.09381365,312105.495,4662689.701
3,ID-B03,16,-113.2691023,42.09374822,312350.3604,4662675.922
4,ID-B03,9,-113.2779035,42.09614326,311629.5686,4662961.237
5,ID-B03,10,-113.2749404,42.09607783,311874.4247,4662947.442
6,ID-B03,11,-113.2719773,42.0960124,312119.281,4662933.655
7,ID-B03,12,-113.2690141,42.09594697,312364.1378,4662919.876
8,ID-B03,5,-113.2778154,42.09834193,311643.3711,4663205.182
9,ID-B03,6,-113.2748522,42.0982765,311888.2185,4663191.387
10,ID-B03,7,-113.2718891,42.09821107,312133.0664,4663177.6
11,ID-B03,8,-113.268926,42.09814564,312377.9148,4663163.822
12,ID-B03,1,-113.2777272,42.10054051,311657.173,4663449.119
13,ID-B03,2,-113.274764,42.10047509,311902.012,4663435.324
14,ID-B03,3,-113.2718009,42.10040966,312146.8514,4663421.538
15,ID-B03,4,-113.2688378,42.10034424,312391.6913,4663407.76
16,ID-C23,13,-113.1497011,42.04351905,322084.8363,4656843.176
17,ID-C23,14,-113.1467378,42.04357993,322330.2708,4656843.775
18,ID-C23,15,-113.1437745,42.04364082,322575.7047,4656844.383
19,ID-C23,16,-113.1408112,42.0437017,322821.1382,4656844.999
20,ID-C23,9,-113.1497831,42.04571967,322084.1936,4657087.699
21,ID-C23,10,-113.1468198,42.04578055,322329.6196,4657088.298
22,ID-C23,11,-113.1438565,42.04584143,322575.0451,4657088.905
23,ID-C23,12,-113.1408932,42.04590232,322820.47,4657089.521
24,ID-C23,5,-113.1498651,42.04792021,322083.5516,4657332.214
25,ID-C23,6,-113.1469018,42.04798109,322328.969,4657332.812
26,ID-C23,7,-113.1439385,42.04804197,322574.386,4657333.418
27,ID-C23,8,-113.1409752,42.04810285,322819.8025,4657334.034
28,ID-C23,1,-113.1499471,42.05012068,322082.9099,4657576.72
29,ID-C23,2,-113.1469838,42.05018156,322328.3189,4657577.317
30,ID-C23,3,-113.1440205,42.05024244,322573.7275,4657577.924
31,ID-C23,4,-113.1410572,42.05030332,322819.1354,4657578.538
32,ID-C28,13,-113.7607596,42.08915418,271671.7659,4663363.005
33,ID-C28,14,-113.7577971,42.08923412,271917.0847,4663363.966
34,ID-C28,15,-113.7548347,42.08931406,272162.4029,4663364.936
35,ID-C28,16,-113.7518722,42.089394,272407.7204,4663365.914
36,ID-C28,9,-113.7608673,42.0913526,271670.747,4663607.415
37,ID-C28,10,-113.7579049,42.09143255,271916.0573,4663608.375
38,ID-C28,11,-113.7549424,42.09151249,272161.367,4663609.345
39,ID-C28,12,-113.7519799,42.09159242,272406.676,4663610.322
40,ID-C28,5,-113.7609751,42.09355096,271669.7287,4663851.816
41,ID-C28,6,-113.7580126,42.09363089,271915.0305,4663852.776
42,ID-C28,7,-113.7550501,42.09371083,272160.3318,4663853.745
43,ID-C28,8,-113.7520876,42.09379077,272405.6323,4663854.722
44,ID-C28,1,-113.7610828,42.09574923,271668.7111,4664096.209
45,ID-C28,2,-113.7581203,42.09582917,271914.0045,4664097.169
46,ID-C28,3,-113.7551578,42.0959091,272159.2972,4664098.137
47,ID-C28,4,-113.7521953,42.09598903,272404.5893,4664099.113
48,ID-C03,13,-113.2357274,42.08988148,315099.3172,4662173.785
49,ID-C03,14,-113.2327649,42.08980187,315344.1068,4662158.537
50,ID-C03,15,-113.2298024,42.08972226,315588.897,4662143.298
51,ID-C03,16,-113.2268399,42.08964264,315833.6879,4662128.067
52,ID-C03,9,-113.2356201,42.09207989,315114.5777,4662417.663
53,ID-C03,10,-113.2326576,42.09200028,315359.359,4662402.416
54,ID-C03,11,-113.2296951,42.09192068,315604.1407,4662387.177
55,ID-C03,12,-113.2267326,42.09184107,315848.923,4662371.948
56,ID-C03,5,-113.2355128,42.09427823,315129.8377,4662661.533
57,ID-C03,6,-113.2325503,42.09419862,315374.6105,4662646.286
58,ID-C03,7,-113.2295878,42.09411902,315619.3839,4662631.049
59,ID-C03,8,-113.2266253,42.09403942,315864.1577,4662615.819
60,ID-C03,1,-113.2354055,42.09647649,315145.0973,4662905.395
61,ID-C03,2,-113.232443,42.09639689,315389.8615,4662890.149
62,ID-C03,3,-113.2294805,42.09631729,315634.6264,4662874.911
63,ID-C03,4,-113.226518,42.09623769,315879.3918,4662859.682
64,ID_B04,13,-113.0005104,42.06850298,334497.7903,4659317.688
65,ID_B04,14,-112.9975471,42.0685642,334743.1141,4659318.752
66,ID_B04,15,-112.9945838,42.06862542,334988.4374,4659319.825
67,ID_B04,16,-112.9916205,42.06868665,335233.7602,4659320.907
68,ID_B04,9,-113.0005929,42.07070272,334496.6837,4659562.101
69,ID_B04,10,-112.9976296,42.07076394,334741.9991,4659563.165
70,ID_B04,11,-112.9946663,42.07082516,334987.3139,4659564.238
71,ID_B04,12,-112.991703,42.07088639,335232.6282,4659565.319
72,ID_B04,5,-113.0006754,42.07290239,334495.5775,4659806.506
73,ID_B04,6,-112.9977121,42.07296361,334740.8845,4659807.569
74,ID_B04,7,-112.9947488,42.07302483,334986.1909,4659808.642
75,ID_B04,8,-112.9917855,42.07308605,335231.4967,4659809.722
76,ID_B04,1,-113.0007578,42.07510199,334494.4721,4660050.903
77,ID_B04,2,-112.9977946,42.0751632,334739.7705,4660051.966
78,ID_B04,3,-112.9948313,42.07522442,334985.0685,4660053.037
79,ID_B04,4,-112.991868,42.07528564,335230.3659,4660054.117
80,ID-C04,13,-112.9723081,42.05948861,336807.9837,4658262.538
81,ID-C04,14,-112.9693446,42.05954399,337053.3419,4658263.035
82,ID-C04,15,-112.9663811,42.05959937,337298.6997,4658263.54
83,ID-C04,16,-112.9634176,42.05965475,337544.0569,4658264.053
84,ID-C04,9,-112.9723827,42.06168882,336807.448,4658506.985
85,ID-C04,10,-112.9694192,42.0617442,337052.7978,4658507.481
86,ID-C04,11,-112.9664557,42.06179958,337298.147,4658507.986
87,ID-C04,12,-112.9634922,42.06185496,337543.4957,4658508.499
88,ID-C04,5,-112.9724573,42.06388896,336806.9128,4658751.424
89,ID-C04,6,-112.9694938,42.06394434,337052.254,4658751.92
90,ID-C04,7,-112.9665303,42.06399971,337297.5948,4658752.424
91,ID-C04,8,-112.9635668,42.06405509,337542.9351,4658752.936
92,ID-C04,1,-112.9725319,42.06608902,336806.3779,4658995.855
93,ID-C04,2,-112.9695684,42.0661444,337051.7108,4658996.35
94,ID-C04,3,-112.9666049,42.06619977,337297.043,4658996.853
95,ID-C04,4,-112.9636414,42.06625514,337542.3749,4658997.365
96,ID-C07,13,-113.421428,42.14522813,299914.6816,4668738.181
97,ID-C07,14,-113.4184654,42.14530621,300159.7437,4668739.909
98,ID-C07,15,-113.4155029,42.1453843,300404.805,4668741.646
99,ID-C07,16,-113.4125403,42.14546238,300649.8658,4668743.391
100,ID-C07,9,-113.4215333,42.14742468,299912.9003,4668982.337
101,ID-C07,10,-113.4185707,42.14750276,300157.9539,4668984.064
102,ID-C07,11,-113.4156082,42.14758084,300403.0067,4668985.8
103,ID-C07,12,-113.4126456,42.14765892,300648.059,4668987.545
104,ID-C07,5,-113.4216386,42.14962115,299911.1196,4669226.484
105,ID-C07,6,-113.4186761,42.14969923,300156.1647,4669228.211
106,ID-C07,7,-113.4157135,42.14977731,300401.2092,4669229.946
107,ID-C07,8,-113.4127509,42.14985539,300646.253,4669231.69
108,ID-C07,1,-113.4217439,42.15181754,299909.3395,4669470.622
109,ID-C07,2,-113.4187814,42.15189562,300154.3762,4669472.349
110,ID-C07,3,-113.4158188,42.1519737,300399.4122,4669474.083
111,ID-C07,4,-113.4128562,42.15205177,300644.4475,4669475.827
112,ID-B07,13,-113.4547536,42.11533453,297065.3062,4665497.425
113,ID-B07,14,-113.4517909,42.11540852,297310.4903,4665498.604
114,ID-B07,15,-113.4488281,42.11548251,297555.6738,4665499.79
115,ID-B07,16,-113.4458653,42.1155565,297800.8568,4665500.986
116,ID-B07,9,-113.4548534,42.11753225,297064.0759,4665741.701
117,ID-B07,10,-113.4518906,42.11760624,297309.2517,4665742.879
118,ID-B07,11,-113.4489278,42.11768023,297554.4267,4665744.065
119,ID-B07,12,-113.4459651,42.11775422,297799.6011,4665745.26
120,ID-B07,5,-113.4549531,42.11972991,297062.8464,4665985.969
121,ID-B07,6,-113.4519903,42.11980389,297308.0136,4665987.146
122,ID-B07,7,-113.4490276,42.11987788,297553.1802,4665988.332
123,ID-B07,8,-113.4460648,42.11995187,297798.3461,4665989.526
124,ID-B07,1,-113.4550529,42.12192748,297061.6174,4666230.229
125,ID-B07,2,-113.4520901,42.12200147,297306.7761,4666231.405
126,ID-B07,3,-113.4491273,42.12207545,297551.9342,4666232.59
127,ID-B07,4,-113.4461646,42.12214944,297797.0918,4666233.783
128,ID-B09,16,-113.9212651,41.99143382,258025.1584,4652953.276
129,ID-B09,13,-113.9303637,41.99119435,257270.5191,4652952.456
130,ID-B09,14,-113.9273279,41.99126741,257522.2852,4652951.961
131,ID-B09,15,-113.924292,41.99134039,257774.0521,4652951.466
132,ID-B09,9,-113.9304727,41.99342856,257269.987,4653200.861
133,ID-B09,10,-113.9274368,41.99350163,257521.7523,4653200.366
134,ID-B09,11,-113.9244008,41.99357463,257773.5184,4653199.873
135,ID-B09,12,-113.9213649,41.99364756,258025.2852,4653199.381
136,ID-B09,5,-113.9305817,41.99566277,257269.4545,4653449.266
137,ID-B09,6,-113.9275457,41.99573585,257521.2187,4653448.773
138,ID-B09,7,-113.9245097,41.99580887,257772.9839,4653448.28
139,ID-B09,8,-113.9214736,41.99588182,258024.7501,4653447.789
140,ID-B09,1,-113.9306907,41.99789698,257268.9212,4653697.672
141,ID-B09,2,-113.9276546,41.99797008,257520.6846,4653697.179
142,ID-B09,3,-113.9246185,41.99804311,257772.449,4653696.688
143,ID-B09,4,-113.9215824,41.99811608,258024.2144,4653696.198
144,ID_C09,1,-113.8856914,42.01001857,261041.6923,4654917.001
145,ID_C09,13,-113.885389,42.0033309,261041.6866,4654173.532
146,ID_C09,14,-113.8823527,42.00340601,261293.4465,4654173.395
147,ID_C09,15,-113.8793164,42.00348105,261545.2075,4654173.259
148,ID_C09,16,-113.8762801,42.00355602,261796.9694,4654173.125
149,ID_C09,9,-113.8855007,42.00556508,261040.8042,4654421.936
150,ID_C09,10,-113.8824643,42.00564021,261292.5634,4654421.801
151,ID_C09,11,-113.8794279,42.00571526,261544.3234,4654421.666
152,ID_C09,12,-113.8763915,42.00579025,261796.0843,4654421.532
153,ID_C09,5,-113.8856124,42.00779927,261039.9212,4654670.342
154,ID_C09,6,-113.8825759,42.00787441,261291.6796,4654670.207
155,ID_C09,7,-113.8795394,42.00794948,261543.4387,4654670.073
156,ID_C09,8,-113.8765029,42.00802449,261795.1988,4654669.94
157,ID_C09,2,-113.8826876,42.01010862,261290.7951,4654918.613
158,ID_C09,3,-113.879651,42.01018371,261542.5535,4654918.481
159,ID_C09,4,-113.8766144,42.01025873,261794.3128,4654918.349
160,ID-C11,13,-113.4347509,42.13605258,298784.653,4667750.638
161,ID-C11,14,-113.4317879,42.13611962,299029.7577,4667751.101
162,ID-C11,15,-113.4288248,42.13618665,299274.8619,4667751.571
163,ID-C11,16,-113.4258618,42.13625369,299519.9656,4667752.051
164,ID-C11,9,-113.4348413,42.13824981,298784.1417,4667994.836
165,ID-C11,10,-113.4318783,42.13831684,299029.2381,4667995.297
166,ID-C11,11,-113.4289152,42.13838388,299274.3338,4667995.768
167,ID-C11,12,-113.4259522,42.13845092,299519.4289,4667996.247
168,ID-C11,5,-113.4349317,42.14044697,298783.6312,4668239.025
169,ID-C11,6,-113.4319687,42.140514,299028.719,4668239.486
170,ID-C11,7,-113.4290056,42.14058103,299273.8063,4668239.956
171,ID-C11,8,-113.4260426,42.14064806,299518.8929,4668240.434
172,ID-C11,1,-113.4350221,42.14264404,298783.1211,4668483.205
173,ID-C11,2,-113.4320591,42.14271108,299028.2005,4668483.666
174,ID-C11,3,-113.429096,42.14277811,299273.2793,4668484.135
175,ID-C11,4,-113.426133,42.14284514,299518.3574,4668484.613
176,ID-B11,13,-113.4470308,42.09823183,297649.3796,4663579.993
177,ID-B11,14,-113.444068,42.09830555,297894.629,4663581.163
178,ID-B11,15,-113.4411052,42.09837927,298139.8778,4663582.342
179,ID-B11,16,-113.4381424,42.09845298,298385.126,4663583.529
180,ID-B11,9,-113.4471301,42.10043016,297648.1576,4663824.333
181,ID-B11,10,-113.4441673,42.10050388,297893.3985,4663825.503
182,ID-B11,11,-113.4412046,42.10057759,298138.6388,4663826.681
183,ID-B11,12,-113.4382418,42.1006513,298383.8785,4663827.868
184,ID-B11,5,-113.4472295,42.10262842,297646.9362,4664068.665
185,ID-B11,6,-113.4442667,42.10270213,297892.1687,4664069.835
186,ID-B11,7,-113.4413039,42.10277584,298137.4005,4664071.012
187,ID-B11,8,-113.4383411,42.10284955,298382.6317,4664072.198
188,ID-B11,1,-113.4473288,42.1048266,297645.7155,4664312.989
189,ID-B11,2,-113.444366,42.1049003,297890.9394,4664314.158
190,ID-B11,3,-113.4414033,42.10497401,298136.1628,4664315.335
191,ID-B11,4,-113.4384405,42.10504772,298381.3856,4664316.52
192,ID-C12,13,-113.877506,42.12028387,262131.9106,4667138.535
193,ID-C12,14,-113.8745429,42.12034914,262377.1231,4667137.529
194,ID-C12,15,-113.8715798,42.12041442,262622.335,4667136.532
195,ID-C12,16,-113.8686166,42.12047969,262867.5464,4667135.543
196,ID-C12,9,-113.877594,42.1224817,262132.8636,4667382.84
197,ID-C12,10,-113.8746309,42.12254697,262378.0676,4667381.833
198,ID-C12,11,-113.8716678,42.12261224,262623.2711,4667380.835
199,ID-C12,12,-113.8687046,42.12267751,262868.474,4667379.846
200,ID-C12,5,-113.877682,42.12467946,262133.8172,4667627.136
201,ID-C12,6,-113.8747189,42.12474473,262379.0127,4667626.129
202,ID-C12,7,-113.8717558,42.12481,262624.2077,4667625.13
203,ID-C12,8,-113.8687926,42.12487526,262869.4021,4667624.14
204,ID-C12,1,-113.87777,42.12687714,262134.7714,4667871.423
205,ID-C12,2,-113.8748069,42.1269424,262379.9585,4667870.416
206,ID-C12,3,-113.8718438,42.12700767,262625.1449,4667869.417
207,ID-C12,4,-113.8688806,42.12707294,262870.3309,4667868.426
208,ID-B12,14,-113.8765251,42.10149382,262142.6992,4665049.256
209,ID-B12,15,-113.873562,42.1015587,262387.984,4665048.209
210,ID-B12,16,-113.8705988,42.10162357,262633.2682,4665047.17
211,ID-B12,9,-113.8676357,42.10168844,262878.5518,4665046.141
212,ID-B12,10,-113.8766126,42.10369232,262143.6934,4665293.632
213,ID-B12,11,-113.8736494,42.10375719,262388.9697,4665292.584
214,ID-B12,12,-113.8706863,42.10382206,262634.2455,4665291.545
215,ID-B12,13,-113.8677231,42.10388693,262879.5205,4665290.515
216,ID-B12,5,-113.8767,42.10589074,262144.6881,4665537.999
217,ID-B12,6,-113.8737369,42.10595561,262389.9559,4665536.951
218,ID-B12,7,-113.8707737,42.10602048,262635.2232,4665535.912
219,ID-B12,8,-113.8678106,42.10608535,262880.4899,4665534.881
220,ID-B12,1,-113.8767874,42.10808909,262145.6834,4665782.358
221,ID-B12,2,-113.8738243,42.10815395,262390.9427,4665781.31
222,ID-B12,3,-113.8708611,42.10821882,262636.2015,4665780.27
223,ID-B12,4,-113.867898,42.10828368,262881.4597,4665779.238
224,ID-B13,13,-114.1394008,42.17705597,240712.31,4674206.186
225,ID-B13,14,-114.1364383,42.17697613,240956.6848,4674188.314
226,ID-B13,15,-114.1334758,42.1768963,241201.0602,4674170.45
227,ID-B13,16,-114.1305134,42.17681647,241445.4361,4674152.594
228,ID-B13,9,-114.1392931,42.17925135,240730.186,4674449.653
229,ID-B13,10,-114.1363306,42.17917152,240974.5523,4674431.781
230,ID-B13,11,-114.1333681,42.17909169,241218.9193,4674413.918
231,ID-B13,12,-114.1304056,42.17901186,241463.2867,4674396.063
232,ID-B13,5,-114.1391854,42.18144665,240748.0615,4674693.111
233,ID-B13,6,-114.1362229,42.18136682,240992.4193,4674675.24
234,ID-B13,7,-114.1332604,42.181287,241236.7778,4674657.377
235,ID-B13,8,-114.1302979,42.18120717,241481.1367,4674639.523
236,ID-B13,1,-114.1390776,42.18364188,240765.9364,4674936.561
237,ID-B13,2,-114.1361152,42.18356205,241010.2858,4674918.691
238,ID-B13,3,-114.1331527,42.18348223,241254.6357,4674900.828
239,ID-B13,4,-114.1301902,42.1834024,241498.9863,4674882.974
240,ID-C13,13,-114.0690799,42.19753557,246602.6857,4676268.907
241,ID-C13,14,-114.0661171,42.19746202,246847.0364,4676251.933
242,ID-C13,15,-114.0631543,42.19738847,247091.3875,4676234.968
243,ID-C13,16,-114.0601916,42.19731492,247335.7392,4676218.01
244,ID-C13,9,-114.0689806,42.19973046,246619.6615,4676512.351
245,ID-C13,10,-114.0660178,42.19965691,246864.0037,4676495.377
246,ID-C13,11,-114.0630551,42.19958336,247108.3464,4676478.412
247,ID-C13,12,-114.0600923,42.19950981,247352.6896,4676461.455
248,ID-C13,5,-114.0688813,42.20192527,246636.6371,4676755.786
249,ID-C13,6,-114.0659186,42.20185172,246880.9707,4676738.813
250,ID-C13,7,-114.0629558,42.20177818,247125.3048,4676721.848
251,ID-C13,8,-114.059993,42.20170463,247369.6396,4676704.892
252,ID-C13,1,-114.0687821,42.20412001,246653.6119,4676999.213
253,ID-C13,2,-114.0658193,42.20404646,246897.9371,4676982.24
254,ID-C13,3,-114.0628565,42.20397292,247142.2628,4676965.276
255,ID-C13,4,-114.0598937,42.20389937,247386.589,4676948.32
256,ID-C15,13,-113.8826504,42.13010187,261743.4389,4668243.131
257,ID-C15,14,-113.8796876,42.13017494,261988.6158,4668242.977
258,ID-C15,15,-113.8767248,42.13024802,262233.7922,4668242.831
259,ID-C15,16,-113.873762,42.13032109,262478.9679,4668242.695
260,ID-C15,9,-113.8827489,42.13229912,261743.5366,4668487.4
261,ID-C15,10,-113.8797861,42.13237219,261988.7051,4668487.246
262,ID-C15,11,-113.8768233,42.13244526,262233.8731,4668487.1
263,ID-C15,12,-113.8738605,42.13251833,262479.0403,4668486.963
264,ID-C15,5,-113.8828475,42.13449629,261743.635,4668731.662
265,ID-C15,6,-113.8798847,42.13456936,261988.795,4668731.507
266,ID-C15,7,-113.8769219,42.13464242,262233.9545,4668731.36
267,ID-C15,8,-113.8739591,42.13471549,262479.1132,4668731.222
268,ID-C15,1,-113.882946,42.13669338,261743.734,4668975.915
269,ID-C15,2,-113.8799832,42.13676645,261988.8856,4668975.759
270,ID-C15,3,-113.8770204,42.13683951,262234.0366,4668975.612
271,ID-C15,4,-113.8740576,42.13691258,262479.1868,4668975.473
272,ID_B15,1,-113.9004719,42.05628988,259991.9414,4660096.572
273,ID_B15,5,-113.9003668,42.05409017,259992.3541,4659852.01
274,ID_B15,9,-113.9002616,42.05189038,259992.7674,4659607.44
275,ID_B15,13,-113.9001565,42.04969052,259993.1816,4659362.862
276,ID_B15,2,-113.8975094,42.05636796,260237.405,4660096.926
277,ID_B15,6,-113.8974042,42.05416825,260237.8262,4659852.365
278,ID_B15,10,-113.897299,42.05196847,260238.2481,4659607.795
279,ID_B15,14,-113.8971939,42.0497686,260238.6706,4659363.217
280,ID_B15,3,-113.8945468,42.05644604,260482.868,4660097.288
281,ID_B15,7,-113.8944416,42.05424633,260483.2976,4659852.727
282,ID_B15,11,-113.8943365,42.05204655,260483.7279,4659608.159
283,ID_B15,15,-113.8942313,42.04984669,260484.1589,4659363.582
284,ID_B15,4,-113.8915842,42.05652412,260728.3302,4660097.658
285,ID_B15,8,-113.891479,42.05432441,260728.7684,4659853.099
286,ID_B15,12,-113.8913739,42.05212463,260729.2072,4659608.531
287,ID_B15,16,-113.8912687,42.04992478,260729.6466,4659363.954
288,ID-C16,13,-113.9627203,42.22522925,255491.9808,4679033.426
289,ID-C16,14,-113.9597579,42.22531107,255736.7988,4679034.012
290,ID-C16,15,-113.9567956,42.2253929,255981.6161,4679034.607
291,ID-C16,16,-113.9538332,42.22547472,256226.4326,4679035.211
292,ID-C16,9,-113.9628308,42.22742288,255491.334,4679277.341
293,ID-C16,10,-113.9598684,42.2275047,255736.1435,4679277.926
294,ID-C16,11,-113.9569061,42.22758652,255980.9524,4679278.521
295,ID-C16,12,-113.9539437,42.22766834,256225.7604,4679279.123
296,ID-C16,5,-113.9629413,42.22961643,255490.688,4679521.247
297,ID-C16,6,-113.9599789,42.22969825,255735.4889,4679521.832
298,ID-C16,7,-113.9570165,42.22978007,255980.2894,4679522.426
299,ID-C16,8,-113.9540542,42.22986189,256225.089,4679523.028
300,ID-C16,1,-113.9630518,42.23180991,255490.0426,4679765.146
301,ID-C16,2,-113.9600894,42.23189173,255734.8351,4679765.73
302,ID-C16,3,-113.957127,42.23197354,255979.627,4679766.323
303,ID-C16,4,-113.9541647,42.23205536,256224.4182,4679766.924
304,ID-B16,13,-114.0002416,42.27114601,252574.8142,4684240.811
305,ID-B16,14,-113.9972789,42.27122186,252819.4598,4684240.624
306,ID-B16,15,-113.9943162,42.27129771,253064.1048,4684240.445
307,ID-B16,16,-113.9913536,42.27137356,253308.7491,4684240.275
308,ID-B16,9,-114.0003441,42.27333826,252574.9433,4684484.555
309,ID-B16,10,-113.9973814,42.27341411,252819.5805,4684484.367
310,ID-B16,11,-113.9944187,42.27348995,253064.2169,4684484.188
311,ID-B16,12,-113.9914561,42.2735658,253308.8528,4684484.017
312,ID-B16,5,-114.0004466,42.27553043,252575.073,4684728.291
313,ID-B16,6,-113.9974839,42.27560627,252819.7017,4684728.103
314,ID-B16,7,-113.9945212,42.27568212,253064.3298,4684727.923
315,ID-B16,8,-113.9915586,42.27575796,253308.9571,4684727.751
316,ID-B16,1,-114.0005491,42.27772253,252575.2034,4684972.019
317,ID-B16,2,-113.9975864,42.27779837,252819.8236,4684971.83
318,ID-B16,3,-113.9946237,42.27787421,253064.4432,4684971.649
319,ID-B16,4,-113.9916611,42.27795005,253309.0621,4684971.477
320,ID-C19,13,-114.0431425,42.20489571,248773.589,4677009.432
321,ID-C19,14,-114.0401796,42.20482565,249017.9396,4676992.92
322,ID-C19,15,-114.0372167,42.2047556,249262.2908,4676976.417
323,ID-C19,16,-114.0342538,42.20468555,249506.6424,4676959.922
324,ID-C19,9,-114.043048,42.20709045,248790.1013,4677252.876
325,ID-C19,10,-114.040085,42.2070204,249034.4435,4677236.365
326,ID-C19,11,-114.0371221,42.20695035,249278.7861,4677219.862
327,ID-C19,12,-114.0341592,42.2068803,249523.1292,4677203.367
328,ID-C19,5,-114.0429534,42.20928512,248806.6133,4677496.311
329,ID-C19,6,-114.0399905,42.20921507,249050.9469,4677479.8
330,ID-C19,7,-114.0370275,42.20914502,249295.281,4677463.298
331,ID-C19,8,-114.0340646,42.20907498,249539.6157,4677446.805
332,ID-C19,1,-114.0428588,42.21147971,248823.1246,4677739.738
333,ID-C19,2,-114.0398959,42.21140967,249067.4498,4677723.228
334,ID-C19,3,-114.036933,42.21133962,249311.7754,4677706.726
335,ID-C19,4,-114.03397,42.21126957,249556.1015,4677690.233
336,ID-B19,13,-114.0477325,42.22507478,248474.7955,4679263.832
337,ID-B19,14,-114.0447696,42.22500431,248719.0645,4679247.261
338,ID-B19,15,-114.0418067,42.22493385,248963.3338,4679230.698
339,ID-B19,16,-114.0388438,42.22486339,249207.6038,4679214.144
340,ID-B19,9,-114.0476373,42.22726881,248491.3673,4679507.195
341,ID-B19,10,-114.0446744,42.22719835,248735.6276,4679490.624
342,ID-B19,11,-114.0417115,42.22712789,248979.8887,4679474.062
343,ID-B19,12,-114.0387486,42.22705743,249224.15,4679457.508
344,ID-B19,5,-114.0475422,42.22946276,248507.9385,4679750.549
345,ID-B19,6,-114.0445793,42.2293923,248752.1905,4679733.979
346,ID-B19,7,-114.0416164,42.22932185,248996.4429,4679717.418
347,ID-B19,8,-114.0386535,42.22925139,249240.6959,4679700.864
348,ID-B19,1,-114.047447,42.23165664,248524.5093,4679993.895
349,ID-B19,2,-114.0444841,42.23158618,248768.7528,4679977.326
350,ID-B19,3,-114.0415212,42.23151573,249012.9967,4679960.765
351,ID-B19,4,-114.0385583,42.23144527,249257.2412,4679944.212
352,ID-B21,13,-113.0367009,42.01912204,331373.0173,4653905.283
353,ID-B21,14,-113.0337375,42.01918016,331618.5359,4653905.901
354,ID-B21,15,-113.0307741,42.01923829,331864.0541,4653906.527
355,ID-B21,16,-113.0278107,42.01929641,332109.5717,4653907.161
356,ID-B21,9,-113.0367792,42.02132358,331372.3587,4654149.889
357,ID-B21,10,-113.0338158,42.0213817,331617.8687,4654150.506
358,ID-B21,11,-113.0308524,42.02143983,331863.3784,4654151.132
359,ID-B21,12,-113.0278889,42.02149795,332108.8876,4654151.766
360,ID-B21,5,-113.0368574,42.02352505,331371.7004,4654394.487
361,ID-B21,6,-113.033894,42.02358317,331617.2021,4654395.104
362,ID-B21,7,-113.0309306,42.02364129,331862.7033,4654395.728
363,ID-B21,8,-113.0279672,42.02369941,332108.204,4654396.362
364,ID-B21,1,-113.0369356,42.02572643,331371.0427,4654639.076
365,ID-B21,2,-113.0339722,42.02578455,331616.5359,4654639.692
366,ID-B21,3,-113.0310088,42.02584267,331862.0287,4654640.317
367,ID-B21,4,-113.0280454,42.02590079,332107.5209,4654640.95
368,ID-B22,13,-112.9706953,42.100978,337047.6741,4662866.326
369,ID-B22,14,-112.9677316,42.10102946,337292.8728,4662866.391
370,ID-B22,15,-112.964768,42.10108092,337538.0712,4662866.465
371,ID-B22,16,-112.9618044,42.10113239,337783.2691,4662866.547
372,ID-B22,9,-112.9707646,42.10317686,337047.5712,4663110.615
373,ID-B22,10,-112.967801,42.10322833,337292.7615,4663110.68
374,ID-B22,11,-112.9648374,42.10327979,337537.9513,4663110.753
375,ID-B22,12,-112.9618737,42.10333125,337783.1407,4663110.835
376,ID-B22,5,-112.970834,42.10537566,337047.4687,4663354.896
377,ID-B22,6,-112.9678704,42.10542712,337292.6505,4663354.96
378,ID-B22,7,-112.9649067,42.10547858,337537.8319,4663355.033
379,ID-B22,8,-112.9619431,42.10553004,337783.0128,4663355.115
380,ID-B22,1,-112.9709033,42.10757437,337047.3666,4663599.169
381,ID-B22,2,-112.9679397,42.10762583,337292.54,4663599.233
382,ID-B22,3,-112.9649761,42.10767729,337537.7129,4663599.305
383,ID-B22,4,-112.9620125,42.10772875,337782.8854,4663599.386
384,ID-B26,13,-114.0635475,42.21563379,247131.7709,4678262.251
385,ID-B26,14,-114.0605849,42.21571105,247376.6392,4678262.039
386,ID-B26,15,-114.0576223,42.2157883,247621.5069,4678261.835
387,ID-B26,16,-114.0546597,42.21586555,247866.3738,4678261.641
388,ID-B26,9,-114.0636518,42.21782792,247131.9232,4678506.216
389,ID-B26,10,-114.0606892,42.21790517,247376.7831,4678506.003
390,ID-B26,11,-114.0577266,42.21798242,247621.6423,4678505.799
391,ID-B26,12,-114.054764,42.21805967,247866.5008,4678505.603
392,ID-B26,5,-114.0637561,42.22002198,247132.0763,4678750.172
393,ID-B26,6,-114.0607935,42.22009922,247376.9277,4678749.959
394,ID-B26,7,-114.0578309,42.22017647,247621.7784,4678749.754
395,ID-B26,8,-114.0548683,42.22025371,247866.6284,4678749.558
396,ID-B26,1,-114.0638604,42.22221596,247132.23,4678994.12
397,ID-B26,2,-114.0608978,42.2222932,247377.0728,4678993.906
398,ID-B26,3,-114.0579352,42.22237044,247621.9151,4678993.701
399,ID-B26,4,-114.0549726,42.22244768,247866.7568,4678993.504
400,ID-C26,13,-113.9490554,42.20098262,256526.6294,4676301.761
401,ID-C26,14,-113.9460933,42.20107105,256771.5362,4676303.121
402,ID-C26,15,-113.9431313,42.20115947,257016.4423,4676304.49
403,ID-C26,16,-113.9401693,42.2012479,257261.3476,4676305.868
404,ID-C26,9,-113.9491747,42.20317684,256525.206,4676545.764
405,ID-C26,10,-113.9462127,42.20326526,256770.1044,4676547.124
406,ID-C26,11,-113.9432507,42.20335369,257015.002,4676548.492
407,ID-C26,12,-113.9402886,42.20344211,257259.8988,4676549.869
408,ID-C26,5,-113.9492941,42.20537098,256523.7834,4676789.758
409,ID-C26,6,-113.9463321,42.2054594,256768.6733,4676791.117
410,ID-C26,7,-113.94337,42.20554782,257013.5624,4676792.485
411,ID-C26,8,-113.940408,42.20563624,257258.4508,4676793.861
412,ID-C26,1,-113.9494135,42.20756505,256522.3615,4677033.745
413,ID-C26,2,-113.9464514,42.20765346,256767.2429,4677035.103
414,ID-C26,3,-113.9434894,42.20774188,257012.1236,4677036.47
415,ID-C26,4,-113.9405274,42.2078303,257257.0035,4677037.845
416,ID-B28,13,-113.7474486,42.00778202,272482.3186,4654291.688
417,ID-B28,14,-113.7444868,42.00787429,272727.9396,4654294.06
418,ID-B28,15,-113.741525,42.00796656,272973.5598,4654296.441
419,ID-B28,16,-113.7385631,42.00805883,273219.1794,4654298.83
420,ID-B28,9,-113.7475728,42.00998279,272479.8835,4654536.397
421,ID-B28,10,-113.744611,42.01007506,272725.4961,4654538.769
422,ID-B28,11,-113.7416491,42.01016732,272971.1078,4654541.149
423,ID-B28,12,-113.7386873,42.01025959,273216.7188,4654543.537
424,ID-B28,5,-113.747697,42.01218348,272477.4492,4654781.098
425,ID-B28,6,-113.7447352,42.01227575,272723.0533,4654783.468
426,ID-B28,7,-113.7417733,42.01236801,272968.6566,4654785.848
427,ID-B28,8,-113.7388115,42.01246027,273214.2592,4654788.236
428,ID-B28,1,-113.7478212,42.0143841,272475.0156,4655025.79
429,ID-B28,2,-113.7448593,42.01447636,272720.6113,4655028.16
430,ID-B28,3,-113.7418975,42.01456862,272966.2061,4655030.539
431,ID-B28,4,-113.7389357,42.01466088,273211.8002,4655032.926
432,ID-B24,13,-113.0078725,42.055068,333853.6611,4657840.188
433,ID-B24,14,-113.004909,42.05512308,334099.0395,4657840.549
434,ID-B24,15,-113.0019455,42.05517816,334344.4174,4657840.918
435,ID-B24,16,-112.9989819,42.05523324,334589.7948,4657841.296
436,ID-B24,9,-113.0079467,42.05726838,333853.2605,4658084.655
437,ID-B24,10,-113.0049831,42.05732345,334098.6304,4658085.015
438,ID-B24,11,-113.0020196,42.05737853,334343.9999,4658085.384
439,ID-B24,12,-112.9990561,42.0574336,334589.3688,4658085.762
440,ID-B24,5,-113.0080208,42.05946867,333852.8604,4658329.113
441,ID-B24,6,-113.0050573,42.05952375,334098.2219,4658329.473
442,ID-B24,7,-113.0020938,42.05957882,334343.5828,4658329.842
443,ID-B24,8,-112.9991303,42.0596339,334588.9435,4658330.219
444,ID-B24,1,-113.008095,42.06166889,333852.4608,4658573.564
445,ID-B24,2,-113.0051315,42.06172397,334097.8137,4658573.924
446,ID-B24,3,-113.002168,42.06177904,334343.1663,4658574.291
447,ID-B24,4,-112.9992045,42.06183411,334588.5183,4658574.668
448,ID-C24,13,-112.9860991,42.04572141,335631.3352,4656760.289
449,ID-C24,14,-112.9831353,42.04576615,335876.7472,4656759.565
450,ID-C24,15,-112.9801714,42.0458109,336122.1588,4656758.849
451,ID-C24,16,-112.9772076,42.04585564,336367.57,4656758.142
452,ID-C24,9,-112.9861593,42.04792234,335632.0245,4657004.789
453,ID-C24,10,-112.9831955,42.04796709,335877.428,4657004.065
454,ID-C24,11,-112.9802317,42.04801183,336122.8312,4657003.348
455,ID-C24,12,-112.9772679,42.04805657,336368.2339,4657002.64
456,ID-C24,5,-112.9862196,42.0501232,335632.7142,4657249.281
457,ID-C24,6,-112.9832558,42.05016794,335878.1093,4657248.556
458,ID-C24,7,-112.9802919,42.05021268,336123.5039,4657247.839
459,ID-C24,8,-112.9773281,42.05025742,336368.8982,4657247.131
460,ID-C24,1,-112.9862798,42.05232398,335633.4043,4657493.764
461,ID-C24,2,-112.983316,42.05236872,335878.7908,4657493.039
462,ID-C24,3,-112.9803522,42.05241346,336124.177,4657492.322
463,ID-C24,4,-112.9773884,42.0524582,336369.5628,4657491.613
464,ID-C22,13,-112.9511325,42.0954002,338651.2019,4662209.849
465,ID-C22,14,-112.948169,42.09545545,338896.4199,4662210.391
466,ID-C22,15,-112.9452055,42.0955107,339141.6374,4662210.942
467,ID-C22,16,-112.942242,42.09556595,339386.8545,4662211.501
468,ID-C22,9,-112.951207,42.09759917,338650.6209,4662454.158
469,ID-C22,10,-112.9482435,42.09765442,338895.8304,4662454.699
470,ID-C22,11,-112.94528,42.09770966,339141.0395,4662455.249
471,ID-C22,12,-112.9423165,42.09776491,339386.2481,4662455.808
472,ID-C22,5,-112.9512814,42.09979807,338650.0405,4662698.458
473,ID-C22,6,-112.9483179,42.09985331,338895.2415,4662698.999
474,ID-C22,7,-112.9453544,42.09990856,339140.4421,4662699.549
475,ID-C22,8,-112.9423909,42.0999638,339385.6422,4662700.107
476,ID-C22,1,-112.9513559,42.10199688,338649.4605,4662942.75
477,ID-C22,2,-112.9483924,42.10205213,338894.653,4662943.29
478,ID-C22,3,-112.9454289,42.10210737,339139.8452,4662943.839
479,ID-C22,4,-112.9424654,42.10216261,339385.0368,4662944.397
480,ID-C21,13,-113.0035099,42.01842967,334119.3722,4653763.52
481,ID-C21,14,-113.0005463,42.01848057,334364.8916,4653763.43
482,ID-C21,15,-112.9975827,42.01853148,334610.4106,4653763.349
483,ID-C21,16,-112.994619,42.01858238,334855.9292,4653763.277
484,ID-C21,9,-113.0035785,42.02063141,334119.4239,4654008.126
485,ID-C21,10,-113.0006148,42.02068231,334364.9349,4654008.036
486,ID-C21,11,-112.9976512,42.02073321,334610.4454,4654007.955
487,ID-C21,12,-112.9946875,42.02078412,334855.9554,4654007.882
488,ID-C21,5,-113.003647,42.02283308,334119.476,4654252.725
489,ID-C21,6,-113.0006833,42.02288398,334364.9785,4654252.634
490,ID-C21,7,-112.9977197,42.02293488,334610.4806,4654252.552
491,ID-C21,8,-112.994756,42.02298578,334855.9822,4654252.479
492,ID-C21,1,-113.0037155,42.02503467,334119.5286,4654497.314
493,ID-C21,2,-113.0007519,42.02508557,334365.0226,4654497.224
494,ID-C21,3,-112.9977882,42.02513647,334610.5162,4654497.141
495,ID-C21,4,-112.9948246,42.02518737,334856.0094,4654497.067
496,ID-B23,13,-113.1546821,42.06109765,321721.7624,4658805.445
497,ID-B23,14,-113.1517183,42.0611432,321967.1281,4658804.327
498,ID-B23,15,-113.1487545,42.06118875,322212.4935,4658803.216
499,ID-B23,16,-113.1457907,42.0612343,322457.8584,4658802.114
500,ID-B23,9,-113.1547435,42.06329803,321722.8443,4659049.9
501,ID-B23,10,-113.1517797,42.06334358,321968.2015,4659048.781
502,ID-B23,11,-113.1488159,42.06338913,322213.5583,4659047.67
503,ID-B23,12,-113.1458521,42.06343468,322458.9147,4659046.567
504,ID-B23,5,-113.1548048,42.06549834,321723.9266,4659294.346
505,ID-B23,6,-113.151841,42.06554389,321969.2753,4659293.226
506,ID-B23,7,-113.1488772,42.06558943,322214.6236,4659292.115
507,ID-B23,8,-113.1459134,42.06563499,322459.9715,4659291.012
508,ID-B23,1,-113.1548662,42.06769857,321725.0091,4659538.784
509,ID-B23,2,-113.1519024,42.06774412,321970.3493,4659537.664
510,ID-B23,3,-113.1489386,42.06778966,322215.6892,4659536.552
511,ID-B23,4,-113.1459748,42.06783521,322461.0287,4659535.449
512,UT_B01,16,-113.7103618,41.52990678,273880.4573,4601131.146
513,UT_B01,13,-113.7193758,41.5296759,273127.5604,4601129.155
514,UT_B01,14,-113.71636,41.52975068,273379.4424,4601129.539
515,UT_B01,15,-113.7133443,41.5298254,273631.3254,4601129.925
516,UT_B01,9,-113.7194872,41.53190895,273126.0687,4601377.396
517,UT_B01,10,-113.7164714,41.53198375,273377.9501,4601377.781
518,UT_B01,11,-113.7134556,41.53205848,273629.8322,4601378.167
519,UT_B01,12,-113.7104397,41.53213314,273881.7153,4601378.554
520,UT_B01,5,-113.7195987,41.53414201,273124.5766,4601625.637
521,UT_B01,6,-113.7165828,41.53421683,273376.4571,4601626.023
522,UT_B01,7,-113.7135669,41.53429157,273628.3384,4601626.41
523,UT_B01,8,-113.7105509,41.53436625,273880.2208,4601626.799
524,UT_B01,1,-113.7197102,41.53637508,273123.0839,4601873.878
525,UT_B01,2,-113.7166942,41.53644991,273374.9636,4601874.265
526,UT_B01,3,-113.7136782,41.53652467,273626.8442,4601874.654
527,UT_B01,4,-113.7106621,41.53659936,273878.7258,4601875.043
528,UT_C01,13,-113.7183118,41.5703663,273358.6149,4605644.432
529,UT_C01,14,-113.715294,41.57043401,273610.4856,4605644.027
530,UT_C01,15,-113.7122762,41.57050165,273862.3572,4605643.624
531,UT_C01,16,-113.7092584,41.57056923,274114.2298,4605643.222
532,UT_C01,9,-113.7184139,41.57259969,273357.9148,4605892.687
533,UT_C01,10,-113.715396,41.57266742,273609.7847,4605892.283
534,UT_C01,11,-113.7123781,41.57273508,273861.6556,4605891.881
535,UT_C01,12,-113.7093602,41.57280267,274113.5273,4605891.48
536,UT_C01,5,-113.718516,41.57483309,273357.2141,4606140.942
537,UT_C01,6,-113.715498,41.57490084,273609.0833,4606140.54
538,UT_C01,7,-113.71248,41.57496851,273860.9533,4606140.138
539,UT_C01,8,-113.709462,41.57503612,274112.8243,4606139.738
540,UT_C01,2,-113.7156001,41.57713425,273608.3811,4606388.797
541,UT_C01,3,-113.712582,41.57720194,273860.2505,4606388.396
542,UT_C01,4,-113.7095639,41.57726957,274112.1207,4606387.997
543,UT_C01,1,-113.718598,41.57705392,273358.151,4606387.748
544,UT_B02,10,-113.6247752,41.53850488,281050.4305,4601865.239
545,UT_B02,9,-113.6251311,41.54072364,281028.2284,4602112.499
546,UT_B02,8,-113.6254871,41.54294239,281006.0263,4602359.759
547,UT_B02,5,-113.6288411,41.54490119,280732.8603,4602585.766
548,UT_B02,6,-113.625843,41.54516115,280983.8241,4602607.021
549,UT_B02,7,-113.6228449,41.54542105,281234.7881,4602628.276
550,UT_B02,2,-113.6291972,41.54711993,280710.659,4602833.028
551,UT_B02,3,-113.626199,41.54737991,280961.6221,4602854.282
552,UT_B02,4,-113.6232009,41.54763982,281212.5854,4602875.538
553,UT_B02,1,-113.6265551,41.54959867,280939.4203,4603101.545
554,UT_C02,10,-113.6567956,41.55572451,278437.9996,4603858.915
555,UT_C02,9,-113.656945,41.5579564,278433.1637,4604107.116
556,UT_C02,8,-113.6570945,41.56018829,278428.3273,4604355.317
557,UT_C02,5,-113.6602596,41.5623165,278171.652,4604599.755
558,UT_C02,6,-113.657244,41.56242018,278423.4904,4604603.519
559,UT_C02,7,-113.6542284,41.56252379,278675.3295,4604607.284
560,UT_C02,2,-113.6604092,41.56454838,278166.8154,4604847.956
561,UT_C02,3,-113.6573935,41.56465207,278418.6531,4604851.72
562,UT_C02,4,-113.6543778,41.5647557,278670.4913,4604855.486
563,UT_C02,1,-113.6576013,41.56708664,278409.6504,4605122.576
564,UT_B08,13,-114.0114109,41.77526807,249714.3823,4629208.375
565,UT_B08,14,-114.0083843,41.77533715,249966.2215,4629207.233
566,UT_B08,15,-114.0053578,41.77540616,250218.0616,4629206.092
567,UT_B08,16,-114.0023312,41.7754751,250469.9026,4629204.952
568,UT_B08,9,-114.0115148,41.77750189,249714.4363,4629456.725
569,UT_B08,10,-114.0084882,41.77757098,249966.2747,4629455.584
570,UT_B08,11,-114.0054615,41.77764,250218.114,4629454.444
571,UT_B08,12,-114.0024348,41.77770896,250469.9543,4629453.305
572,UT_B08,5,-114.0116188,41.7797357,249714.4899,4629705.075
573,UT_B08,6,-114.008592,41.77980481,249966.3275,4629703.935
574,UT_B08,7,-114.0055653,41.77987385,250218.1659,4629702.797
575,UT_B08,8,-114.0025385,41.77994282,250470.0053,4629701.659
576,UT_B08,2,-114.0086959,41.78203865,249966.3796,4629952.288
577,UT_B08,3,-114.0056691,41.78210771,250218.2172,4629951.15
578,UT_B08,4,-114.0026422,41.78217669,250470.0558,4629950.013
579,UT_B08,1,-114.0117168,41.78194992,249714.9572,4629951.232
580,UT-C08,4,-113.9657005,41.79043766,253572.03,4630760.677
581,UT-C08,13,-113.9744181,41.78350498,252820.9286,4630015.909
582,UT-C08,14,-113.9713916,41.7835849,253072.769,4630016.079
583,UT-C08,15,-113.9683651,41.78366475,253324.6103,4630016.251
584,UT-C08,16,-113.9653386,41.78374453,253576.4525,4630016.423
585,UT-C08,9,-113.9745364,41.78573847,252819.6838,4630264.26
586,UT-C08,10,-113.9715099,41.78581841,253071.5234,4630264.432
587,UT-C08,11,-113.9684832,41.78589827,253323.3638,4630264.604
588,UT-C08,12,-113.9654566,41.78597807,253575.2052,4630264.778
589,UT-C08,5,-113.9746548,41.78797197,252818.4384,4630512.612
590,UT-C08,6,-113.9716281,41.78805192,253070.2772,4630512.784
591,UT-C08,7,-113.9686014,41.7881318,253322.1168,4630512.958
592,UT-C08,8,-113.9655746,41.78821162,253573.9574,4630513.133
593,UT-C08,1,-113.9747731,41.79020547,252817.1924,4630760.964
594,UT-C08,2,-113.9717463,41.79028543,253069.0305,4630761.138
595,UT-C08,3,-113.9687195,41.79036533,253320.8694,4630761.312
596,UT-B15,3,-113.9707858,41.85354358,253391.9325,4637782.696
597,UT-B15,4,-113.9676789,41.85361017,253650.1199,4637781.163
598,UT-B15,13,-113.9764205,41.84668208,252897.7137,4637036.99
599,UT-B15,14,-113.9733914,41.84676605,253149.5354,4637037.595
600,UT-B15,15,-113.9703623,41.84684994,253401.3581,4637038.2
601,UT-B15,16,-113.9673332,41.84693378,253653.1816,4637038.807
602,UT-B15,9,-113.9765441,41.84891557,252896.0514,4637285.359
603,UT-B15,10,-113.9735149,41.84899955,253147.8723,4637285.965
604,UT-B15,11,-113.9704858,41.84908347,253399.6943,4637286.571
605,UT-B15,12,-113.9674594,41.84908634,253650.9717,4637278.196
606,UT-B15,6,-113.9736385,41.85123307,253146.2091,4637534.335
607,UT-B15,7,-113.9706092,41.851317,253398.03,4637534.943
608,UT-B15,8,-113.9675799,41.85140086,253649.8518,4637535.552
609,UT-B15,1,-113.9767914,41.85338257,252892.7255,4637782.099
610,UT-B15,2,-113.9737621,41.85346659,253144.5449,4637782.706
611,UT-B15,5,-113.9766678,41.85114907,252894.3888,4637533.729
612,UT_B24,5,-114.0382009,41.79999757,247584.6802,4632032.791
613,UT_B24,13,-114.0383603,41.7955775,247554.0692,4631542.444
614,UT_B24,14,-114.035333,41.79550324,247805.3274,4631525.304
615,UT_B24,15,-114.0323058,41.79542892,248056.5872,4631508.165
616,UT_B24,16,-114.0292785,41.79535452,248307.8484,4631491.027
617,UT_B24,9,-114.0382739,41.79781181,247570.023,4631790.294
618,UT_B24,10,-114.0352466,41.79773757,247821.2805,4631773.156
619,UT_B24,11,-114.0322192,41.79766326,248072.5395,4631756.018
620,UT_B24,12,-114.0291919,41.79758888,248323.8001,4631738.882
621,UT_B24,6,-114.0351601,41.7999719,247837.2325,4632021.008
622,UT_B24,7,-114.0321327,41.79989761,248088.4908,4632003.872
623,UT_B24,8,-114.0291052,41.79982325,248339.7506,4631986.738
624,UT_B24,1,-114.038053,41.80225553,247605.8372,4632283.086
625,UT_B24,2,-114.0350737,41.80220624,247853.1834,4632268.86
626,UT_B24,3,-114.0320461,41.80213196,248104.4409,4632251.727
627,UT_B24,4,-114.0290186,41.80205762,248355.7,4632234.594
628,UT-B16,15,-113.978848,41.8638467,252762.3388,4638949.99
629,UT-B16,16,-113.9758179,41.86392169,253014.1497,4638949.587
630,UT-B16,9,-113.9850202,41.86593028,252258.0633,4639199.168
631,UT-B16,10,-113.9819899,41.86600543,252509.8717,4639198.764
632,UT-B16,11,-113.9789597,41.86608051,252761.681,4639198.362
633,UT-B16,12,-113.9759295,41.86615553,253013.491,4639197.96
634,UT-B16,5,-113.9851321,41.86816407,252257.4066,4639447.538
635,UT-B16,6,-113.9821018,41.86823924,252509.2141,4639447.135
636,UT-B16,7,-113.9790714,41.86831433,252761.0224,4639446.734
637,UT-B16,8,-113.9760411,41.86838936,253012.8317,4639446.333
638,UT-B16,1,-113.985244,41.87039787,252256.7492,4639695.909
639,UT-B16,2,-113.9822136,41.87047305,252508.5559,4639695.507
640,UT-B16,3,-113.9791832,41.87054816,252760.3634,4639695.106
641,UT-B16,4,-113.9761528,41.8706232,253012.1719,4639694.706
642,UT-B16,13,-113.9818185,41.86375469,252515.41,4638948.341
643,UT-B16,14,-113.9849232,41.86368462,252257.4349,4638949.524
644,UT_C16,14,-113.9639551,41.90700373,254164.2042,4643699.451
645,UT_C16,15,-113.9609239,41.90692355,254415.336,4643681.857
646,UT_C16,16,-113.9578927,41.9068433,254666.4694,4643664.264
647,UT_C16,9,-113.9668917,41.90931767,253929.5116,4643964.827
648,UT_C16,10,-113.9638604,41.90923758,254180.6412,4643947.233
649,UT_C16,11,-113.9608291,41.90915742,254431.7724,4643929.641
650,UT_C16,12,-113.9577978,41.90907719,254682.9051,4643912.049
651,UT_C16,5,-113.966797,41.91155151,253945.9484,4644212.608
652,UT_C16,6,-113.9637657,41.91147144,254197.0773,4644195.016
653,UT_C16,7,-113.9607343,41.91139129,254448.2076,4644177.425
654,UT_C16,8,-113.9577028,41.91131107,254699.3396,4644159.835
655,UT_C16,1,-113.9667024,41.91378535,253962.384,4644460.39
656,UT_C16,2,-113.9636709,41.91370529,254213.5121,4644442.8
657,UT_C16,3,-113.9606394,41.91362516,254464.6418,4644425.21
658,UT_C16,13,-113.9670119,41.90709325,253910.9884,4643718.165
659,UT_C16,4,-113.9577039,41.91362435,254708.1194,4644416.712
660,UT-B30,13,-114.0167728,41.8608474,249602.6213,4638726.96
661,UT-B30,14,-114.0137429,41.86076894,249853.8261,4638709.406
662,UT-B30,15,-114.010713,41.86069041,250105.0324,4638691.854
663,UT-B30,16,-114.0076831,41.8606118,250356.2404,4638674.302
664,UT-B30,9,-114.0166805,41.86308171,249619.0051,4638974.796
665,UT-B30,10,-114.0136506,41.86300326,249870.2092,4638957.244
666,UT-B30,11,-114.0106206,41.86292475,250121.4147,4638939.693
667,UT-B30,12,-114.0075906,41.86284616,250372.622,4638922.143
668,UT-B30,5,-114.0165883,41.86531603,249635.3877,4639222.632
669,UT-B30,6,-114.0135582,41.86523759,249886.5909,4639205.082
670,UT-B30,7,-114.0105282,41.8651591,250137.7959,4639187.533
671,UT-B30,8,-114.0074981,41.86508053,250389.0024,4639169.985
672,UT-B30,1,-114.0164961,41.86755035,249651.7692,4639470.469
673,UT-B30,2,-114.0134659,41.86747193,249902.9717,4639452.92
674,UT-B30,3,-114.0104357,41.86739345,250154.176,4639435.373
675,UT-B30,4,-114.0074056,41.86731489,250405.3816,4639417.827
676,UT_B27,14,-114.0353517,41.88989168,248174.53,4642006.548
677,UT_B27,15,-114.0323206,41.88981256,248425.7186,4641988.862
678,UT_B27,16,-114.0292895,41.88973337,248676.9087,4641971.178
679,UT_B27,9,-114.0382897,41.89220507,247939.8651,4642272.071
680,UT_B27,10,-114.0352585,41.89212604,248191.0515,4642254.386
681,UT_B27,11,-114.0322273,41.89204693,248442.2394,4642236.702
682,UT_B27,12,-114.0291961,41.89196776,248693.4288,4642219.019
683,UT_B27,5,-114.0381965,41.89443942,247956.3863,4642519.908
684,UT_B27,6,-114.0351653,41.8943604,248207.5719,4642502.224
685,UT_B27,7,-114.032134,41.89428131,248458.7589,4642484.542
686,UT_B27,8,-114.0291027,41.89420216,248709.9476,4642466.861
687,UT_B27,2,-114.035072,41.89659477,248224.091,4642750.063
688,UT_B27,3,-114.0320407,41.8965157,248475.2774,4642732.383
689,UT_B27,4,-114.0290092,41.89643656,248726.4653,4642714.703
690,UT_B27,1,-114.0381034,41.89664643,247972.8024,4642764.71
691,UT_B27,13,-114.0384272,41.88996986,247919.6543,4642024.269
692,UT_B19,13,-113.693125,41.97871722,276879.6916,4650921.225
693,UT_B19,14,-113.6900897,41.97878917,277131.4354,4650921.307
694,UT_B19,15,-113.6870543,41.97886106,277383.18,4650921.39
695,UT_B19,16,-113.6840189,41.97893288,277634.9257,4650921.474
696,UT_B19,9,-113.6932324,41.98095141,276878.5996,4651169.593
697,UT_B19,10,-113.690197,41.98102338,277130.3425,4651169.676
698,UT_B19,11,-113.6871615,41.98109528,277382.0865,4651169.76
699,UT_B19,12,-113.684126,41.98116711,277633.8312,4651169.845
700,UT_B19,5,-113.6933398,41.9831856,276877.507,4651417.961
701,UT_B19,6,-113.6903043,41.98325759,277129.2492,4651418.045
702,UT_B19,7,-113.6872687,41.9833295,277380.9922,4651418.13
703,UT_B19,8,-113.6842332,41.98340135,277632.7361,4651418.217
704,UT_B19,2,-113.6904116,41.9854918,277128.1553,4651666.415
705,UT_B19,3,-113.687376,41.98556373,277379.8974,4651666.501
706,UT_B19,4,-113.6843403,41.98563559,277631.6405,4651666.589
707,UT_B19,1,-113.6933611,41.98544986,276883.6559,4651669.443
708,UT_B17,11,-113.616425,41.89073462,282936.2939,4640954.538
709,UT_B17,10,-113.6170237,41.89292519,282894.0481,4641199.293
710,UT_B17,8,-113.6176224,41.89511576,282851.8028,4641444.049
711,UT_B17,9,-113.6146477,41.89555726,283100.0901,4641485.543
712,UT_B17,6,-113.6182211,41.89730633,282809.5585,4641688.805
713,UT_B17,7,-113.6152463,41.89774785,283057.845,4641730.299
714,UT_B17,3,-113.6188199,41.8994969,282767.3147,4641933.563
715,UT_B17,4,-113.615845,41.89993844,283015.6008,4641975.057
716,UT_B17,5,-113.61287,41.9003799,283263.886,4642016.551
717,UT_B17,2,-113.6134687,41.90257051,283221.642,4642261.309
718,UT_B17,1,-113.6110922,41.90520254,283427.6821,4642547.562
719,UT-C17,11,-113.643045,41.85097053,280591.6251,4636606.891
720,UT-C17,10,-113.6436844,41.85315454,280546.0118,4636851.037
721,UT_C17,8,-113.6443239,41.85533855,280500.3992,4637095.183
722,UT_C17,9,-113.6413594,41.85581098,280748.1059,4637140.061
723,UT_C17,6,-113.6449634,41.85752256,280454.7875,4637339.329
724,UT_C17,7,-113.6419988,41.857995,280702.4938,4637384.207
725,UT_C17,3,-113.6456029,41.85970657,280409.1766,4637583.477
726,UT_C17,4,-113.6426383,41.86017903,280656.8824,4637628.355
727,UT_C17,5,-113.6396736,41.86065141,280904.5873,4637673.233
728,UT_C17,2,-113.640313,41.86283546,280858.9763,4637917.381
729,UT_C17,1,-113.6379876,41.86549185,281061.0692,4638206.407
730,UT_B25,11,-114.001018,41.83820145,250822.4758,4636166.415
731,UT_B25,12,-113.9979988,41.8380052,251072.4312,4636135.86
732,UT_B25,13,-113.9949795,41.83780888,251322.3887,4636105.306
733,UT_B25,14,-113.9919603,41.83761249,251572.3481,4636074.753
734,UT_B25,7,-114.0007693,41.84042906,250851.7786,4636413.053
735,UT_B25,8,-113.99775,41.84023283,251101.7333,4636382.5
736,UT_B25,9,-113.9947306,41.84003653,251351.6903,4636351.948
737,UT_B25,10,-113.9917113,41.83984015,251601.6492,4636321.397
738,UT_B25,6,-114.003639,41.84073947,250614.6968,4636455.858
739,UT_B25,2,-114.0005206,41.84265668,250881.0798,4636659.692
740,UT_B25,3,-113.9975012,41.84246047,251131.034,4636629.141
741,UT_B25,4,-113.9944817,41.84226418,251380.9903,4636598.591
742,UT_B25,5,-113.9914623,41.84206782,251630.9486,4636568.042
743,UT_B25,1,-114.0002719,41.8448843,250910.3795,4636906.331
744,UT-C19,13,-113.619513,41.95249468,282889.7129,4647820.193
745,UT-C19,14,-113.6164788,41.95256608,283141.4581,4647820.434
746,UT-C19,15,-113.6134445,41.95263742,283393.2042,4647820.677
747,UT-C19,16,-113.6104102,41.95270869,283644.951,4647820.92
748,UT-C19,9,-113.6196196,41.95472882,282888.4624,4648068.544
749,UT-C19,10,-113.6165853,41.95480024,283140.2066,4648068.786
750,UT-C19,11,-113.613551,41.95487159,283391.9518,4648069.03
751,UT-C19,12,-113.6105166,41.95494287,283643.698,4648069.274
752,UT-C19,5,-113.6197263,41.95696297,282887.2113,4648316.895
753,UT-C19,6,-113.6166919,41.9570344,283138.9546,4648317.138
754,UT-C19,7,-113.6136574,41.95710577,283390.6989,4648317.383
755,UT-C19,8,-113.610623,41.95717707,283642.4442,4648317.628
756,UT-C19,1,-113.619833,41.95919712,282885.9594,4648565.247
757,UT-C19,2,-113.6167984,41.95926857,283137.702,4648565.491
758,UT-C19,3,-113.6137639,41.95933995,283389.4455,4648565.737
759,UT-C19,4,-113.6107293,41.95941126,283641.1899,4648565.983
760,UT-C06,13,-114.0143712,41.41737624,248079.0192,4589476.89
761,UT-C06,14,-114.0113606,41.41729606,248330.3463,4589459.226
762,UT-C06,15,-114.00835,41.41721582,248581.6751,4589441.563
763,UT-C06,16,-114.0053393,41.41713551,248833.0053,4589423.902
764,UT-C06,9,-114.0142786,41.41960957,248095.4021,4589724.603
765,UT-C06,10,-114.0112679,41.41952942,248346.7286,4589706.941
766,UT-C06,11,-114.0082571,41.41944919,248598.0566,4589689.28
767,UT-C06,12,-114.0052464,41.4193689,248849.3862,4589671.62
768,UT-C06,5,-114.0141859,41.42184292,248111.7838,4589972.317
769,UT-C06,6,-114.0111751,41.42176278,248363.1097,4589954.657
770,UT-C06,7,-114.0081643,41.42168257,248614.437,4589936.997
771,UT-C06,8,-114.0051535,41.42160229,248865.7659,4589919.339
772,UT-C06,2,-114.0110824,41.42399614,248379.4895,4590202.373
773,UT-C06,3,-114.0080715,41.42391594,248630.8162,4590184.715
774,UT-C06,4,-114.0050606,41.42383568,248882.1446,4590167.058
775,UT-C06,1,-114.0140691,41.4240729,248130.1708,4590219.588
776,UT-B06,13,-113.9503982,41.4896669,253699.9597,4597319.51
777,UT-B06,14,-113.9473839,41.48973374,253951.8784,4597318.344
778,UT-B06,15,-113.9443695,41.48980051,254203.7979,4597317.178
779,UT-B06,16,-113.9413551,41.48986722,254455.7183,4597316.014
780,UT-B06,9,-113.9504994,41.49190019,253699.9815,4597567.777
781,UT-B06,10,-113.9474849,41.49196704,253951.8993,4597566.612
782,UT-B06,11,-113.9444705,41.49203384,254203.8181,4597565.447
783,UT-B06,12,-113.941456,41.49210056,254455.7377,4597564.284
784,UT-B06,5,-113.9506005,41.49413348,253700.0026,4597816.044
785,UT-B06,6,-113.947586,41.49420035,253951.9197,4597814.88
786,UT-B06,7,-113.9445715,41.49426716,254203.8377,4597813.716
787,UT-B06,8,-113.9415569,41.49433389,254455.7566,4597812.554
788,UT-B06,1,-113.9507017,41.49636677,253700.0231,4598064.311
789,UT-B06,2,-113.9476871,41.49643366,253951.9394,4598063.148
790,UT-B06,3,-113.9446725,41.49650048,254203.8567,4598061.986
791,UT-B06,4,-113.9416578,41.49656724,254455.7748,4598060.825
792,UT-C05,13,-113.9432399,41.52716231,254439.4653,4601462.52
793,UT-C05,14,-113.9402244,41.52723911,254691.3754,4601462.475
794,UT-C05,15,-113.9372088,41.52731584,254943.2863,4601462.431
795,UT-C05,16,-113.934233,41.52737978,255191.8346,4601461.089
796,UT-C05,9,-113.9433542,41.52939532,254438.3817,4601710.794
797,UT-C05,10,-113.9403386,41.52947214,254690.291,4601710.75
798,UT-C05,11,-113.9373229,41.52954888,254942.2014,4601710.707
799,UT-C05,12,-113.9343073,41.52962556,255194.1124,4601710.665
800,UT-C05,5,-113.9434685,41.53162834,254437.2977,4601959.068
801,UT-C05,6,-113.9404528,41.53170517,254689.2062,4601959.025
802,UT-C05,7,-113.937437,41.53178193,254941.1157,4601958.983
803,UT-C05,8,-113.9344213,41.53185862,255193.026,4601958.943
804,UT-C05,1,-113.9435828,41.53386137,254436.2131,4602207.343
805,UT-C05,2,-113.940567,41.53393821,254688.1209,4602207.301
806,UT-C05,3,-113.9375512,41.53401499,254940.0294,4602207.26
807,UT-C05,4,-113.9345353,41.53409169,255191.9391,4602207.221
808,UT-B05,4,-113.9410968,41.55084282,254707.8721,4604085.857
809,UT-B05,13,-113.9498311,41.54389223,253952.9612,4603338.941
810,UT-B05,14,-113.9468145,41.54396027,254204.8669,4603337.902
811,UT-B05,15,-113.9437978,41.54402825,254456.7735,4603336.863
812,UT-B05,16,-113.9407811,41.54409616,254708.681,4603335.825
813,UT-B05,9,-113.9499338,41.54612561,253952.8686,4603587.225
814,UT-B05,10,-113.9469171,41.54619367,254204.7735,4603586.186
815,UT-B05,11,-113.9439003,41.54626166,254456.6794,4603585.148
816,UT-B05,12,-113.9408835,41.54632959,254708.5862,4603584.111
817,UT-B05,5,-113.9500365,41.548359,253952.7755,4603835.508
818,UT-B05,6,-113.9470197,41.54842707,254204.6796,4603834.47
819,UT-B05,7,-113.9440029,41.54849508,254456.5846,4603833.434
820,UT-B05,8,-113.940986,41.54856302,254708.4906,4603832.398
821,UT-B05,1,-113.9501393,41.55059239,253952.6817,4604083.792
822,UT-B05,2,-113.9471224,41.55066048,254204.5852,4604082.755
823,UT-B05,3,-113.9441054,41.5507285,254456.4894,4604081.72
824,UT-C25,12,-113.9400859,41.81791592,255805.096,4633738.733
825,UT-C25,13,-113.9370667,41.81771954,256055.1455,4633708.343
826,UT-C25,14,-113.9340474,41.81752309,256305.1969,4633677.953
827,UT-C25,7,-113.9428564,41.82034054,255584.1899,4634015.852
828,UT-C25,8,-113.9398371,41.82014425,255834.2366,4633985.463
829,UT-C25,9,-113.9368178,41.81994788,256084.2856,4633955.074
830,UT-C25,10,-113.9337984,41.81975145,256334.3364,4633924.687
831,UT-C25,6,-113.9456796,41.82085893,255351.6652,4634081.457
832,UT-C25,2,-113.9426077,41.82256886,255613.3295,4634262.58
833,UT-C25,3,-113.9395883,41.82237258,255863.3757,4634232.193
834,UT-C25,4,-113.9365689,41.82217623,256113.424,4634201.807
835,UT-C25,5,-113.9335494,41.82197981,256363.4743,4634171.422
836,UT-C25,1,-113.942359,41.82479718,255642.4676,4634509.309
837,UT-C15,13,-113.970295,41.81310295,253277.269,4633290.665
838,UT-C15,14,-113.9672675,41.81318666,253529.0934,4633291.264
839,UT-C15,15,-113.9642399,41.81327031,253780.9186,4633291.865
840,UT-C15,16,-113.9612123,41.81335388,254032.7446,4633292.467
841,UT-C15,9,-113.9704183,41.8153363,253275.6042,4633539.015
842,UT-C15,10,-113.9673907,41.81542003,253527.4277,4633539.616
843,UT-C15,11,-113.964363,41.81550369,253779.2522,4633540.218
844,UT-C15,12,-113.9613354,41.81558728,254031.0773,4633540.821
845,UT-C15,5,-113.9705417,41.81756966,253273.9388,4633787.366
846,UT-C15,6,-113.9675139,41.8176534,253525.7617,4633787.968
847,UT-C15,7,-113.9644862,41.81773708,253777.5852,4633788.57
848,UT-C15,8,-113.9614584,41.81782068,254029.4097,4633789.175
849,UT-C15,1,-113.970665,41.81980301,253272.2728,4634035.717
850,UT-C15,2,-113.9676372,41.81988677,253524.0949,4634036.32
851,UT-C15,3,-113.9646094,41.81997047,253775.9176,4634036.924
852,UT-C15,4,-113.9615815,41.82005409,254027.7412,4634037.529
853,UT-B22,10,-113.9404152,41.68824772,255285.2454,4619341.209
854,UT-B22,11,-113.9374435,41.68866694,255534.1792,4619379.313
855,UT-B22,12,-113.9344717,41.68908608,255783.1124,4619417.417
856,UT-B22,7,-113.9409829,41.69044216,255246.315,4619586.493
857,UT-B22,8,-113.9380111,41.69086139,255495.2481,4619624.597
858,UT-B22,9,-113.9350393,41.69128055,255744.1807,4619662.701
859,UT-B22,4,-113.9415507,41.6926366,255207.3849,4619831.779
860,UT-B22,5,-113.9385788,41.69305584,255456.3176,4619869.882
861,UT-B22,6,-113.9356069,41.69347501,255705.2497,4619907.986
862,UT-B22,2,-113.9421185,41.69483104,255168.4556,4620077.065
863,UT-B22,3,-113.9391466,41.6952503,255417.3877,4620115.168
864,UT-B22,1,-113.9426864,41.69702549,255129.5269,4620322.352
865,UT-C22,10,-113.9152208,41.69275924,257399.2201,4619770.836
866,UT-C22,11,-113.9122491,41.69317842,257648.1223,4619809.009
867,UT-C22,12,-113.9092774,41.69359754,257897.0239,4619847.182
868,UT-C22,7,-113.9157886,41.69495352,257360.2217,4620016.089
869,UT-C22,8,-113.9128168,41.69537272,257609.1234,4620054.261
870,UT-C22,9,-113.909845,41.69579185,257858.0244,4620092.435
871,UT-C22,4,-113.9163564,41.69714781,257321.2238,4620261.343
872,UT-C22,5,-113.9133845,41.69756702,257570.1249,4620299.515
873,UT-C22,6,-113.9104126,41.69798617,257819.0254,4620337.688
874,UT-C22,2,-113.9169242,41.6993421,257282.2266,4620506.597
875,UT-C22,3,-113.9139522,41.69976132,257531.1272,4620544.769
876,UT-C22,1,-113.9174921,41.70153639,257243.2301,4620751.853
877,UT-C30,13,-113.9239427,41.80474594,257096.2405,4632230.525
878,UT-C30,14,-113.9209156,41.80465496,257347.3983,4632211.864
879,UT-C30,15,-113.9178885,41.80456391,257598.5576,4632193.204
880,UT-C30,16,-113.9148613,41.80447279,257849.7186,4632174.545
881,UT-C30,9,-113.923834,41.80697997,257113.7189,4632478.288
882,UT-C30,10,-113.9208068,41.80688901,257364.8758,4632459.628
883,UT-C30,11,-113.9177796,41.80679797,257616.0345,4632440.97
884,UT-C30,12,-113.9147523,41.80670687,257867.1947,4632422.313
885,UT-C30,6,-113.920698,41.80912306,257382.3522,4632707.394
886,UT-C30,7,-113.9176707,41.80903204,257633.5102,4632688.737
887,UT-C30,8,-113.9146433,41.80894095,257884.6697,4632670.081
888,UT-C30,1,-113.9236127,41.81142938,257148.9299,4632971.73
889,UT-C30,2,-113.9205892,41.81135712,257399.8275,4632955.159
890,UT-C30,3,-113.9175618,41.81126612,257650.9848,4632936.504
891,UT-C30,4,-113.9145343,41.81117505,257902.1434,4632917.85
892,UT-C30,5,-113.9237185,41.80920689,257131.732,4632725.242
893,UT-C27,14,-114.0040001,41.94471527,250989.2934,4648002.744
894,UT-C27,15,-114.0009689,41.94463514,251240.2736,4647985.036
895,UT-C27,16,-113.9979377,41.94455494,251491.2552,4647967.329
896,UT-C27,9,-114.0069367,41.94702784,250754.8653,4648268.086
897,UT-C27,10,-114.0039054,41.9469478,251005.8432,4648250.378
898,UT-C27,11,-114.0008741,41.94686769,251256.8227,4648232.672
899,UT-C27,12,-113.9978428,41.9467875,251507.8036,4648214.967
900,UT-C27,5,-114.006842,41.94926036,250771.4149,4648515.719
901,UT-C27,6,-114.0038107,41.94918033,251022.3921,4648498.013
902,UT-C27,7,-114.0007793,41.94910024,251273.3707,4648480.308
903,UT-C27,8,-113.9977478,41.94902007,251524.351,4648462.604
904,UT-C27,1,-114.0067474,41.95149288,250787.9634,4648763.352
905,UT-C27,2,-114.0037159,41.95141287,251038.9397,4648745.648
906,UT-C27,3,-114.0006844,41.95133279,251289.9176,4648727.945
907,UT-C27,4,-113.9976529,41.95125264,251540.8972,4648710.243
908,UT-C27,13,-114.0070569,41.94480473,250736.231,4648021.572
909,UT-C24,1,-113.9545794,41.78859017,254489.1547,4630523.681
910,UT-C24,13,-113.954982,41.78198632,254430.4731,4629791.532
911,UT-C24,14,-113.9519577,41.78187046,254681.3896,4629770.025
912,UT-C24,15,-113.9489333,41.78175452,254932.3079,4629748.52
913,UT-C24,16,-113.945909,41.78163852,255183.2278,4629727.015
914,UT-C24,9,-113.9548404,41.78421904,254450.7696,4630039.052
915,UT-C24,10,-113.951816,41.78410319,254701.6854,4630017.547
916,UT-C24,11,-113.9487915,41.78398728,254952.6031,4629996.043
917,UT-C24,12,-113.9457671,41.78387129,255203.5223,4629974.54
918,UT-C24,5,-113.9546988,41.78645177,254471.0649,4630286.572
919,UT-C24,6,-113.9516743,41.78633594,254721.98,4630265.069
920,UT-C24,7,-113.9486497,41.78622003,254972.8969,4630243.567
921,UT-C24,8,-113.9456252,41.78610406,255223.8154,4630222.066
922,UT-C24,4,-113.9455741,41.78837383,255236.7007,4630473.959
923,UT-C24,2,-113.9515326,41.78856868,254742.2733,4630512.592
924,UT-C24,3,-113.948508,41.78845279,254993.1895,4630491.091
925,UT-C25,11,-113.9431172,41.818113,255554.052,4633769.244
926,ID-C29,13,-113.6415907,42.27561267,282169.8522,4683756.427
927,ID-C29,14,-113.6385621,42.27568244,282419.8522,4683756.427
928,ID-C29,15,-113.6355335,42.27575213,282669.8522,4683756.427
929,ID-C29,16,-113.6325049,42.27582173,282919.8522,4683756.427
930,ID-B29,13,-113.5931322,42.27671934,286169.8522,4683756.427
931,ID-B29,14,-113.5901035,42.27678783,286419.8522,4683756.427
932,ID-B29,15,-113.5870747,42.27685624,286669.8522,4683756.427
933,ID-B29,16,-113.5840459,42.27692457,286919.8522,4683756.427
934,ID-C29,9,-113.6416847,42.27786184,282169.8522,4684006.427
935,ID-C29,10,-113.638656,42.27793161,282419.8522,4684006.427
936,ID-C29,11,-113.6356273,42.2780013,282669.8522,4684006.427
937,ID-C29,12,-113.6325986,42.27807091,282919.8522,4684006.427
938,ID-B29,9,-113.5932245,42.27896859,286169.8522,4684006.427
939,ID-B29,10,-113.5901956,42.27903709,286419.8522,4684006.427
940,ID-B29,11,-113.5871668,42.2791055,286669.8522,4684006.427
941,ID-B29,12,-113.5841379,42.27917383,286919.8522,4684006.427
942,ID-C29,5,-113.6417787,42.280111,282169.8522,4684256.427
943,ID-C29,6,-113.6387499,42.28018077,282419.8522,4684256.427
944,ID-C29,7,-113.6357211,42.28025047,282669.8522,4684256.427
945,ID-C29,8,-113.6326923,42.28032009,282919.8522,4684256.427
946,ID-B29,5,-113.5933168,42.28121784,286169.8522,4684256.427
947,ID-B29,6,-113.5902878,42.28128634,286419.8522,4684256.427
948,ID-B29,7,-113.5872588,42.28135476,286669.8522,4684256.427
949,ID-B29,8,-113.5842299,42.28142309,286919.8522,4684256.427
950,ID-C29,1,-113.6418727,42.28236015,282169.8522,4684506.427
951,ID-C29,2,-113.6388438,42.28242994,282419.8522,4684506.427
952,ID-C29,3,-113.6358149,42.28249964,282669.8522,4684506.427
953,ID-C29,4,-113.632786,42.28256926,282919.8522,4684506.427
954,ID-B29,1,-113.5934091,42.28346708,286169.8522,4684506.427
955,ID-B29,2,-113.59038,42.28353559,286419.8522,4684506.427
956,ID-B29,3,-113.5873509,42.28360401,286669.8522,4684506.427
957,ID-B29,4,-113.5843218,42.28367236,286919.8522,4684506.427
958,ID-B30,13,-113.5215165,42.30533342,292169.8522,4686756.427
959,ID-B30,14,-113.5184862,42.30540006,292419.8522,4686756.427
960,ID-B30,15,-113.5154559,42.30546661,292669.8522,4686756.427
961,ID-B30,16,-113.5124256,42.30553308,292919.8522,4686756.427
962,ID-B30,9,-113.5216063,42.30758279,292169.8522,4687006.427
963,ID-B30,10,-113.5185759,42.30764942,292419.8522,4687006.427
964,ID-B30,11,-113.5155455,42.30771598,292669.8522,4687006.427
965,ID-B30,12,-113.5125151,42.30778246,292919.8522,4687006.427
966,ID-B30,5,-113.5216961,42.30983215,292169.8522,4687256.427
967,ID-B30,6,-113.5186656,42.30989879,292419.8522,4687256.427
968,ID-B30,7,-113.5156351,42.30996535,292669.8522,4687256.427
969,ID-B30,8,-113.5126046,42.31003184,292919.8522,4687256.427
970,ID-B30,1,-113.521786,42.31208151,292169.8522,4687506.427
971,ID-B30,2,-113.5187554,42.31214816,292419.8522,4687506.427
972,ID-B30,3,-113.5157248,42.31221472,292669.8522,4687506.427
973,ID-B30,4,-113.5126941,42.31228121,292919.8522,4687506.427
974,ID-C30,13,-113.5347213,42.33205812,291169.8522,4689756.427
975,ID-C30,14,-113.5316897,42.33212513,291419.8522,4689756.427
976,ID-C30,15,-113.5286582,42.33219207,291669.8522,4689756.427
977,ID-C30,16,-113.5256266,42.33225892,291919.8522,4689756.427
978,ID-C30,9,-113.5348117,42.33430745,291169.8522,4690006.427
979,ID-C30,10,-113.53178,42.33437447,291419.8522,4690006.427
980,ID-C30,11,-113.5287484,42.33444141,291669.8522,4690006.427
981,ID-C30,12,-113.5257167,42.33450827,291919.8522,4690006.427
982,ID-C30,5,-113.534902,42.33655677,291169.8522,4690256.427
983,ID-C30,6,-113.5318703,42.3366238,291419.8522,4690256.427
984,ID-C30,7,-113.5288385,42.33669075,291669.8522,4690256.427
985,ID-C30,8,-113.5258068,42.33675761,291919.8522,4690256.427
986,ID-C30,1,-113.5349924,42.3388061,291169.8522,4690506.427
987,ID-C30,2,-113.5319606,42.33887313,291419.8522,4690506.427
988,ID-C30,3,-113.5289287,42.33894008,291669.8522,4690506.427
989,ID-C30,4,-113.5258968,42.33900695,291919.8522,4690506.427
