ObjectID,GlobalID,Date and Start Time,Observer Name,Transect ID,Visit #,Sky Start,Sky End,Wind Start,Wind End,Start Temperature,End Temperature,CreationDate,Creator,EditDate,Editor,x,y
1,1728d33d-cfaa-4f21-963a-3267c369f684,6/2/2022 1:14:00 PM,Rory Eggleston,B1,V1,0,0,1,1,43,50,6/3/2022 11:57:53 AM,reggleston,6/3/2022 11:57:53 AM,reggleston,-113.950880952286,41.5504719224214
2,8426be61-0c17-4e4a-9f35-e4ea9c6f009e,6/2/2022 1:14:00 PM,Eoin,B1,1,0,0,0,0,50,65,6/6/2022 3:52:59 AM,reggleston,6/6/2022 3:52:59 AM,reggleston,-113.9508496597,41.5505108257667
3,988e8067-7a72-4f88-92ff-069a898b1341,6/6/2022 12:46:00 PM,Ruger Carter,UT-C6,1,1,0,3,3,48,59,6/7/2022 4:31:42 AM,carter_ruger,6/7/2022 4:31:42 AM,carter_ruger,-114.005339240678,41.4171333357708
4,5780f4a2-324a-4e0d-9514-f4f891750fd8,6/7/2022 12:37:00 PM,Rory Eggleston,UT-B16,V1,1,1,0,1,44,66,6/8/2022 7:51:45 PM,carter_ruger,6/8/2022 7:51:45 PM,carter_ruger,-113.984919358151,41.863687466869
5,12fe59ad-23d9-40ce-88a6-7439176a19e8,6/8/2022 1:10:00 PM,Rory Eggleston,UT-C1,V1,1,2,0,1,50,85,6/8/2022 7:51:47 PM,carter_ruger,6/8/2022 7:51:47 PM,carter_ruger,-113.718304010214,41.5704525355637
6,f34414d6-2487-49cf-a630-69c8010e7818,6/2/2022 1:15:00 PM,eliza wesemann ,B1,B1,0,0,0,0,45,60,6/9/2022 6:57:20 PM,reggleston,6/9/2022 6:57:20 PM,reggleston,-113.950862772747,41.5504467859557
7,a78eaa74-d85c-4a97-86f3-ddd82a10f11e,6/6/2022 11:56:00 AM,Eliza Wesemann,UT-B5,01,0,0,2,1,40,55,6/9/2022 6:57:22 PM,reggleston,6/9/2022 6:57:22 PM,reggleston,-113.949791868063,41.5438860818621
8,d36e1b2d-50b4-44f8-a1c3-a827328e26f2,6/7/2022 12:28:00 PM,Eliza Wesemann,UT-B30,1,0,0,0,0,40,65,6/9/2022 6:57:25 PM,reggleston,6/9/2022 6:57:25 PM,reggleston,-114.00750189623,41.8672505513005
9,f1a1148f-1198-4d66-851c-af491209e9ac,6/8/2022 12:29:00 PM,Eliza Wesemann,UT-B1,1,0,2,0,0,40,65,6/9/2022 6:57:26 PM,reggleston,6/9/2022 6:57:26 PM,reggleston,-113.710352114153,41.5298394760601
10,3de1d951-c623-491d-b7e9-406d71d99ee4,6/9/2022 11:36:00 AM,Eliza Wesemann,UT-C22,1,0,0,0,0,45,70,6/9/2022 6:57:26 PM,reggleston,6/9/2022 6:57:26 PM,reggleston,-113.908424933567,41.6916804342023
11,93fea2fe-bdde-47e5-8aa9-96cc845fdb73,6/9/2022 12:56:00 PM,Rory Eggleston,UT-C17,V1,1,1,1,1,50,70,6/9/2022 9:43:56 PM,reggleston,6/9/2022 9:52:05 PM,reggleston,-113.63799330789,41.8655202538165
12,0ab73835-dda8-4390-8674-94bcd7eb002f,6/6/2022 12:07:00 PM,Eoin,C5,1,1,0,3,2,50,60,6/11/2022 3:04:44 AM,reggleston,6/11/2022 3:04:44 AM,reggleston,-113.943693758077,41.5338731751647
13,6a3fd0ed-7cf3-4ffe-8edc-91d2be8ef99b,6/7/2022 12:21:00 PM,Eoin,B15,1,0,0,0,1,46,55,6/11/2022 3:04:45 AM,reggleston,6/11/2022 3:04:45 AM,reggleston,-113.976083042793,41.8468716055297
14,0bd8b121-63e4-4718-858a-d849cd5c9c46,6/8/2022 12:04:00 PM,Eoin,B22,1,1,2,0,0,52,58,6/11/2022 3:04:46 AM,reggleston,6/11/2022 3:04:46 AM,reggleston,-113.942693396895,41.6970450769208
15,8cafbae9-1a9d-411e-a60d-256e23777d01,6/9/2022 12:26:00 PM,Eoin,B17,1,0,0,1,0,50,60,6/11/2022 3:04:47 AM,reggleston,6/11/2022 3:04:47 AM,reggleston,-113.611124735566,41.9052011590945
16,f2b4a0b1-6601-4116-b945-42e314d1abc9,6/10/2022 12:04:00 PM,Eoin,C8,1,0,0,2,1,55,70,6/11/2022 3:04:47 AM,reggleston,6/11/2022 3:04:47 AM,reggleston,-113.965396326354,41.7837753136551
17,633649bb-d6ff-4163-b298-70361af49aec,6/10/2022 1:00:00 PM,Eliza Wesemann,UT-B8,1,0,0,0,0,50,80,6/13/2022 3:11:24 AM,carter_ruger,6/13/2022 3:11:24 AM,carter_ruger,-114.029317127131,41.7953662567905
18,73b3984d-20c8-4bf5-9ec4-9d77ee641fad,6/6/2022 12:30:00 PM,Austin,UT-B6-P1,01,1,1,2,4,50,70,6/13/2022 3:12:09 AM,reggleston,6/13/2022 3:12:09 AM,reggleston,-113.941361245788,41.4898860031576
19,3c04f2f3-14c3-4116-b10c-3bc183d6d527,6/7/2022 12:21:00 PM,Austin,UT-B27,1,1,1,0,0,50,70,6/13/2022 3:12:10 AM,reggleston,6/13/2022 3:12:10 AM,reggleston,-114.029294875423,41.8896821357498
20,dd967442-d7eb-4010-95a0-a32b3f0471d1,6/8/2022 12:22:00 PM,Austin,UT-B2,1,1,3,1,0,52,70,6/13/2022 3:12:11 AM,reggleston,6/13/2022 3:12:11 AM,reggleston,-113.627628447234,41.5504096269123
21,019372be-e887-4421-bd25-58759b675ef9,6/9/2022 12:30:00 PM,Austin,UT-B19,1,1,1,0,0,56,78,6/13/2022 3:12:12 AM,reggleston,6/13/2022 3:12:12 AM,reggleston,-113.684079910485,41.97889342032
22,b92bdd32-217e-4a56-a45f-e5cf824d09a8,6/10/2022 12:29:00 PM,Austin,UT-B24,1,0,0,2,0,60,80,6/13/2022 3:12:13 AM,reggleston,6/13/2022 3:12:13 AM,reggleston,-113.954989782681,41.7819103479746
23,954529f3-03ae-4f09-a20d-cd824c20f476,6/10/2022 1:43:00 PM,Rory Eggleston,UT-C8,V1,1,1,1,0,65,80,6/13/2022 3:16:12 AM,reggleston,6/13/2022 3:16:12 AM,reggleston,-114.011697946223,41.7819576664286
24,428dd4de-4ef8-4688-a4cf-509f8e55324c,6/7/2022 12:20:00 PM,Ruger Carter,UT-B25,1,0,0,1,1,36,57,6/13/2022 11:00:26 AM,carter_ruger,6/13/2022 11:00:26 AM,carter_ruger,-114.000266252168,41.8448887421455
25,18dcafea-2ebc-48da-9ca1-b68cf0965407,6/8/2022 12:43:00 PM,Ruger Carter,UT-C2,1,1,2,1,1,52,63,6/13/2022 11:00:27 AM,carter_ruger,6/13/2022 11:00:27 AM,carter_ruger,-113.660264308023,41.5623653776902
26,39d73ead-87e1-48ce-9667-20de1c9b9a47,6/9/2022 1:59:00 PM,Ruger Carter,UT-C,1,0,0,1,1,56,70,6/13/2022 11:00:28 AM,carter_ruger,6/13/2022 11:00:28 AM,carter_ruger,-113.611537554024,41.9596580501079
27,df59ae8e-b0d1-4d3c-98d9-d20d35504c91,6/13/2022 12:26:00 PM,Eliza Wesemann,UT-B25,2,1,2,2,2,35,55,6/13/2022 7:27:11 PM,carter_ruger,6/13/2022 7:27:11 PM,carter_ruger,-114.000325367605,41.8449168696461
28,f76a6594-3066-4c64-adf8-4266564b2934,6/13/2022 12:11:00 PM,Austin,ID-B9,1,3,3,0,1,45,48,6/13/2022 7:50:09 PM,reggleston,6/13/2022 7:50:09 PM,reggleston,-113.9193938519,41.9995174827025
29,1e3b26b8-53d2-4ead-b2a3-cbe42a272b3e,6/14/2022 12:15:00 PM,Eliza wesemann,UT-B6,2,0,0,0,0,35,55,6/14/2022 8:17:00 PM,carter_ruger,6/14/2022 8:17:00 PM,carter_ruger,-113.95059160247,41.4964902302859
30,cefc6a25-bd6e-493a-ac59-d40c7feb8439,6/13/2022 12:38:00 PM,Rory Eggleston,UT-B15,V2,2,2,3,3,42,45,6/19/2022 8:18:31 PM,reggleston,6/19/2022 8:18:31 PM,reggleston,-113.967687338697,41.8536205916124
31,482a1e00-a24f-4139-9614-ec444f57bc48,6/13/2022 3:47:00 PM,Rory Eggleston,UT-B16,V2,2,2,3,3,45,48,6/19/2022 8:18:32 PM,reggleston,6/19/2022 8:18:32 PM,reggleston,-113.984915418657,41.8636761932092
32,d8973b93-a067-4e12-a10f-a69ec0093f86,6/14/2022 1:02:00 PM,Rory Eggleston,UT-C6,V2,0,1,1,0,38,55,6/19/2022 8:18:32 PM,reggleston,6/19/2022 8:18:32 PM,reggleston,-114.005058389263,41.4238248439891
33,5e88c7b0-411b-498d-bae8-d64a63b00499,6/15/2022 1:09:00 PM,Rory Eggleston,UT-B2,V2,0,0,1,2,45,55,6/19/2022 8:18:33 PM,reggleston,6/19/2022 8:18:33 PM,reggleston,-113.623210396723,41.5476456704005
34,cb207c44-79df-427f-b68d-c21f090f082f,6/16/2022 12:38:00 PM,Rory Eggleston,UT-B17,V2,0,1,3,3,50,55,6/19/2022 8:18:34 PM,reggleston,6/19/2022 8:18:34 PM,reggleston,-113.616431700172,41.8907590862754
35,1ba20acf-6a48-4c04-8973-c4d86b86639a,6/17/2022 1:02:00 PM,Rory Eggleston,UT-B24,V2,0,0,1,3,55,75,6/19/2022 8:18:36 PM,reggleston,6/19/2022 8:18:36 PM,reggleston,-114.038364719706,41.7955624172853
36,be7af50e-9054-4d1b-8777-c5e20ff7f0a4,6/13/2022 1:39:00 PM,Eoin,B15,2,2,2,1,1,40,40,6/19/2022 8:37:54 PM,reggleston,6/19/2022 8:37:54 PM,reggleston,-113.96742423154,41.8490483801373
37,6cf8512c-9ee6-4a1d-be6e-1fdfb1f52b56,6/13/2022 3:55:00 PM,Eoin,B16,2,2,2,1,2,40,45,6/19/2022 8:37:55 PM,reggleston,6/19/2022 8:37:55 PM,reggleston,-113.98521362875,41.8703992802931
38,c7dae1c1-5441-4627-b263-9e02097d59ff,6/14/2022 12:09:00 PM,Eoin,B5,2,0,0,0,2,35,50,6/19/2022 8:37:56 PM,reggleston,6/19/2022 8:37:56 PM,reggleston,-113.950087122873,41.5506514679796
39,98490770-9f9b-40aa-8029-e7ded71329a7,6/15/2022 12:57:00 PM,Eoin,C2,2,0,0,1,2,35,40,6/19/2022 8:37:57 PM,reggleston,6/19/2022 8:37:57 PM,reggleston,-113.656801555977,41.5557186241227
40,28143b1c-0636-475a-afff-805b0cb77db2,6/16/2022 12:46:00 PM,Eoin,B19,2,0,0,1,3,50,70,6/19/2022 8:37:58 PM,reggleston,6/19/2022 8:37:58 PM,reggleston,-113.690105102342,41.9787871341661
41,a77c8b82-84b9-4caf-84a8-02f7e100ef6a,6/17/2022 12:42:00 PM,Eoin,C24,2,0,0,2,3-4,60,65,6/19/2022 8:37:59 PM,reggleston,6/19/2022 8:37:59 PM,reggleston,-113.948482995703,41.7884801702107
42,2069c6b6-6d11-442b-be14-8e62e81697bc,6/14/2022 12:08:00 PM,Austin,UT-C22,2,0,1,0,1,33,45,6/20/2022 1:16:18 AM,reggleston,6/20/2022 1:16:18 AM,reggleston,-113.909395796079,41.693560388625
43,fda3763b-be95-42fc-9f7e-00ce9699a579,6/14/2022 4:02:00 PM,Austin,UT-B22,2,1,1,1,0,55,65,6/20/2022 1:16:19 AM,reggleston,6/20/2022 1:16:19 AM,reggleston,-113.94250450398,41.6968960182006
44,fc36f043-4be0-4bb4-a1ac-bab7d6786b44,6/15/2022 12:23:00 PM,Austin,UT-B1,02,0,0,1,2,35,60,6/20/2022 1:16:20 AM,reggleston,6/20/2022 1:16:20 AM,reggleston,-113.710669233818,41.5366636139121
45,c2c8edbd-3855-427f-838b-b4cada056392,6/16/2022 1:20:00 PM,Austin,UT-C17,02,0,0 ,0,4,58,62,6/20/2022 1:16:21 AM,reggleston,6/20/2022 1:16:21 AM,reggleston,-113.643036888271,41.8509911341735
46,6d04e65e-70cb-4365-81d4-c6090b23def9,6/17/2022 12:06:00 PM,Austin,UT-C8,02,1,0,1,5,64,70,6/20/2022 1:16:22 AM,reggleston,6/20/2022 1:16:22 AM,reggleston,-113.97432945062,41.7835527712168
47,85832a1a-a1ae-44f5-9fde-becb095b12f4,6/15/2022 12:31:00 PM,eliza wesemann,UT-C1,2,0,0,0,0,35,60,6/20/2022 2:39:13 AM,carter_ruger,6/20/2022 2:39:13 AM,carter_ruger,-113.718614576872,41.577074974719
48,fc246b98-ce02-4d39-8418-3270bd92f7b5,6/16/2022 12:17:00 PM,eliza wesemann,UT-C19,2,0,0,0,3,45,65,6/20/2022 2:39:15 AM,carter_ruger,6/20/2022 2:39:15 AM,carter_ruger,-113.610411395206,41.952699993304
49,6a05c541-5800-4f20-90ff-fd154d91a01c,6/17/2022 1:30:00 PM,eliza wesemann,UT-B8,2,0,0,3,5,45,70,6/20/2022 2:39:16 AM,carter_ruger,6/20/2022 2:39:16 AM,carter_ruger,-114.002334817023,41.7754738751281
50,1749d3c4-49a6-4d1c-968a-518e96c0f63e,6/13/2022 12:55:00 PM,Ruger Carter,ID-C9,1,2,2,2,2,44,47,6/20/2022 10:41:56 PM,carter_ruger,6/20/2022 10:41:56 PM,carter_ruger,-113.887201410552,42.0104461181001
51,64412985-42e4-45e3-a0fb-0f3a455fa52b,6/14/2022 12:43:00 PM,Ruger Carter,UT-C5,2,0,0,1,2,29,49,6/20/2022 10:41:58 PM,carter_ruger,6/20/2022 10:41:58 PM,carter_ruger,-113.943164466071,41.5270915461294
52,0060d66c-d0a5-4252-904b-4d56b13f9a35,6/16/2022 12:25:00 PM,Ruger Carter,UT-C27,1,0,0,1,3,43,71,6/20/2022 10:41:59 PM,carter_ruger,6/20/2022 10:41:59 PM,carter_ruger,-114.0096725,41.9455366666667
53,2de72f8b-3711-4bbe-8764-5a32287d099e,6/20/2022 1:29:00 PM,Ruger Carter,ID-B9,2,2,1,2,2,45,66,6/20/2022 10:42:00 PM,carter_ruger,6/20/2022 10:42:00 PM,carter_ruger,-113.930646622591,41.9979026756864
54,928d0e9d-6882-42a4-8893-a5258d7ef84d,6/20/2022 12:53:00 PM,Rory Eggleston,UT-B30,V2,2,2,2,3,45,48,6/21/2022 1:54:46 PM,reggleston,6/21/2022 1:54:46 PM,reggleston,-114.010421633827,41.8673920585233
55,3fb72ad1-2dc8-4d42-a324-764552cd34c1,6/20/2022 12:13:00 PM,Eoin,B27,2,2,1,0,2,45,55,6/27/2022 1:17:19 AM,reggleston,6/27/2022 1:17:19 AM,reggleston,-114.035254103664,41.8920980038874
56,17060690-e4b1-4c59-a278-37e0cd363df5,6/21/2022 12:58:00 PM,Eoin,C3,1,0,0,1,1,35,60,6/27/2022 1:17:21 AM,reggleston,6/27/2022 1:17:21 AM,reggleston,-113.235580406307,42.0920895643333
57,6fc1c2e7-b634-434f-b524-be87aa2b9c62,6/23/2022 12:26:00 PM,Eoin,ID-B15,1,0,1,0,0,55,65,6/27/2022 1:17:22 AM,reggleston,6/27/2022 1:17:22 AM,reggleston,-113.900483520679,42.0562700339512
58,66608b73-3e9f-45c0-84bc-2a243ca13319,6/24/2022 12:32:00 PM,Eoin,C24,3,2,0,1,0,55,65,6/27/2022 1:17:23 AM,reggleston,6/27/2022 1:17:23 AM,reggleston,-113.948769961546,41.7839933767774
59,86d45d25-47aa-493d-9e78-b5b3cbbbd403,6/24/2022 3:25:00 PM,Eoin,C8,3,0,0,1,2,65,70,6/27/2022 1:17:24 AM,reggleston,6/27/2022 1:17:24 AM,reggleston,-113.96858760593,41.7881315024039
60,cc3063f2-d39e-4e2e-a5ea-3d55e6746846,6/20/2022 12:39:00 PM,eliza wesemann ,ID-C9,2,1,1,1,0,35,50,6/27/2022 10:27:57 AM,carter_ruger,6/27/2022 10:27:57 AM,carter_ruger,-113.885615378389,42.0078196165702
61,233ed72e-d8f0-47a9-bc60-0506a3466437,6/21/2022 1:34:00 PM,eliza wesemann,ID-B7,1,0,0,0,0,40,60,6/27/2022 10:27:58 AM,carter_ruger,6/27/2022 10:27:58 AM,carter_ruger,-113.445864432913,42.1155903274634
62,684b5c5c-5077-4366-92f5-2ae330094140,6/22/2022 1:05:00 PM,eliza wesemann ,ID-C19,1,0,0,0,0,50,70,6/27/2022 10:27:59 AM,carter_ruger,6/27/2022 10:27:59 AM,carter_ruger,-114.043143021334,42.2049276174272
63,746b8e57-ae51-4642-b842-a8ed1ab3acf4,6/23/2022 3:42:00 PM,eliza wesemann ,ID-B12,1,0,0,0,0,40,70,6/27/2022 10:28:00 AM,carter_ruger,6/27/2022 10:28:00 AM,carter_ruger,-113.87077253659,42.1060442128075
64,eb2980ad-e7f2-4a82-a605-838552a54e6a,6/22/2022 1:02:00 PM,Ruger Carter,ID-B16,1,0,0,1,1,55,70,6/28/2022 12:28:11 PM,carter_ruger,6/28/2022 12:28:11 PM,carter_ruger,-113.991339168799,42.2714130252204
65,081c7bd4-10ef-4e2b-9005-694aeeef34bd,6/23/2022 12:58:00 PM,Ruger Carter,ID-C12,1,0,1,1,2,44,65,6/28/2022 12:28:13 PM,carter_ruger,6/28/2022 12:28:13 PM,carter_ruger,-113.874561833351,42.1203456944103
66,a3b22966-5124-482b-baaf-1542c24a3bf8,6/27/2022 12:39:00 PM,Ruger Carter,ID-C28,1,0,0,1,1,43,68,6/28/2022 12:28:14 PM,carter_ruger,6/28/2022 12:28:14 PM,carter_ruger,-113.760776852857,42.0891435292966
67,305b3beb-3362-4cf1-b724-89bd73e5d7de,6/22/2022 3:37:00 PM,Rory Eggleston,ID-B19,V1,0,1,1,1,67,80,7/12/2022 7:03:29 PM,reggleston,7/12/2022 7:03:29 PM,reggleston,-114.038771325829,42.2270422988033
68,b89640e4-be6e-4c82-97e8-8b04a5a5da35,6/27/2022 12:57:00 PM,Rory Eggleston,ID-B11,V1,0,0,0,0,55,100,7/12/2022 7:03:30 PM,reggleston,7/12/2022 7:03:30 PM,reggleston,-113.447015164526,42.0982453460266
69,226c1638-f446-4bbc-b1c2-bfb0eef97ff8,6/28/2022 12:44:00 PM,Rory Eggleston,ID-B22,V1,1,2,0,2,63,78,7/12/2022 7:03:32 PM,reggleston,7/12/2022 7:03:32 PM,reggleston,-112.97070597309,42.1009816183169
70,b93f64fa-f831-435a-94d6-66e86b703607,6/29/2022 1:38:00 PM,Rory Eggleston,ID-B23,V1,2,5,1,1,65,70,7/12/2022 7:03:34 PM,reggleston,7/12/2022 7:03:34 PM,reggleston,-113.154697129608,42.061077556612
71,405dff7a-57d5-4b9e-99a7-ea0702f401b8,6/30/2022 12:44:00 PM,Rory Eggleston,ID-C13,V1,2,1,0,1,57,70,7/12/2022 7:03:36 PM,reggleston,7/12/2022 7:03:36 PM,reggleston,-114.059891877802,42.2039131494632
72,14fdebe1-6eb3-4531-9a4c-5917da86b6df,7/1/2022 12:16:00 PM,Rory Eggleston,ID-C16,V2,1,1,1,2,62,75,7/12/2022 7:03:38 PM,reggleston,7/12/2022 7:03:38 PM,reggleston,-113.953927019717,42.2276661219469
73,9692fab5-6e80-490a-ac45-e06c4ce872d8,7/7/2022 1:10:00 PM,Rory Eggleston,ID-C22,V2,1,1,0,2,65,85,7/12/2022 7:03:39 PM,reggleston,7/12/2022 7:03:39 PM,reggleston,-112.951139928878,42.0954031683897
74,34ead903-4577-4de5-b80e-9d4afe832eaa,7/8/2022 1:05:00 PM,Rory Eggleston,ID-B22,V2,0,0,0,1,65,86,7/12/2022 7:03:41 PM,reggleston,7/12/2022 7:03:41 PM,reggleston,-112.961808918149,42.1011426765864
75,b9b733e1-43b4-40e7-bef6-8425d2284b81,7/9/2022 1:06:00 PM,Rory Eggleston,ID-B16,V2,1,1,0,1,63,82,7/12/2022 7:03:42 PM,reggleston,7/12/2022 7:03:42 PM,reggleston,-113.991449112179,42.2735891864097
76,8e046d52-1d20-40f4-8698-525f42548386,7/10/2022 12:56:00 PM,Rory Eggleston,ID-B4,V2,0,0,1,0,58,80,7/12/2022 7:03:43 PM,reggleston,7/12/2022 7:03:43 PM,reggleston,-113.000671276928,42.0729237422739
77,56803558-6214-4f87-8237-a3f43b4c017a,7/11/2022 1:17:00 PM,Rory Eggleston,ID-C15,V2,0,0,1,1,59,75,7/12/2022 7:03:45 PM,reggleston,7/12/2022 7:03:45 PM,reggleston,-113.873958299043,42.1347276633998
78,5a7d63e0-9911-4162-a4ca-33a4e7c83c27,7/12/2022 1:08:00 PM,Rory Eggleston,UT-C30,V1,1,1,0,1,60,75,7/12/2022 7:03:47 PM,reggleston,7/12/2022 7:03:47 PM,reggleston,-113.966699866684,41.9138117088395
79,c0e38792-b93d-43aa-a09b-31e5af77c321,6/28/2022 12:38:00 PM,Ruger Carter,ID-B24,1,1,1,0,2,64,79,7/17/2022 3:44:32 PM,carter_ruger,7/17/2022 3:44:32 PM,carter_ruger,-113.00076075446,42.0750969966588
80,72aeb6c1-c96a-40f4-8d1f-85005bac8961,6/29/2022 12:29:00 PM,Ruger Carter,ID-C21,1,2,2,1,2,68,74,7/17/2022 3:44:34 PM,carter_ruger,7/17/2022 3:44:34 PM,carter_ruger,-113.003725729009,42.0250511297481
81,63a42aee-8220-4380-b8e8-875bbb083aa4,6/30/2022 12:59:00 PM,Ruger Carter,ID-B13,1,2,2,1,1,50,59,7/17/2022 3:44:35 PM,carter_ruger,7/17/2022 3:44:35 PM,carter_ruger,-114.130411472859,42.179013644681
82,d5c3c800-fbdf-40b1-bd83-a9b90eeec826,7/1/2022 12:54:00 PM,Ruger Carter,ID-B3,2,1,1,1,2,60,74,7/17/2022 3:44:36 PM,carter_ruger,7/17/2022 3:44:36 PM,carter_ruger,-113.268917453018,42.0981345636049
83,66d76826-848a-479d-803f-6b0cf365608f,7/11/2022 12:15:00 PM,Ruger Carter,ID-B15,2,0,0,1,1,43,71,7/17/2022 3:44:37 PM,carter_ruger,7/17/2022 3:44:37 PM,carter_ruger,-113.899194756515,42.0556213888638
84,258b296c-dad6-4b24-a5af-9e24cd44ff74,7/12/2022 1:08:00 PM,Ruger Carter,B-4,2,0,0,0,2,66,85,7/17/2022 3:44:38 PM,carter_ruger,7/17/2022 3:44:38 PM,carter_ruger,-112.972331637938,42.0594533386047
85,5d25df45-380c-46f1-a9cf-3d402c9f212a,7/13/2022 1:48:00 PM,Ruger Carter,ID-C23,2,2,2,2,3,78,87,7/17/2022 3:44:39 PM,carter_ruger,7/17/2022 3:44:39 PM,carter_ruger,-113.149896933556,42.0479418684881
86,9781ef7a-e51c-427c-83a6-a208be603bb7,7/14/2022 1:21:00 PM,Ruger Carter,ID-B24,2,0,0,0,1,71,81,7/17/2022 3:44:40 PM,carter_ruger,7/17/2022 3:44:40 PM,carter_ruger,-112.999140928575,42.059632438326
87,4a5ca73b-b871-4f63-8e48-70610db875c5,7/17/2022 12:59:00 PM,Ruger Carter,ID-C24,2,0,0,0,1,74,84,7/17/2022 3:44:41 PM,carter_ruger,7/17/2022 3:44:41 PM,carter_ruger,-112.986271846881,42.0523132639174
88,b1233f97-dde7-4db3-8017-af598ac2a0fd,6/27/2022 12:57:00 PM,Eoin,ID C7,2,0,0,0,0,55,75,7/19/2022 11:27:12 AM,reggleston,7/19/2022 11:27:12 AM,reggleston,-113.421655463601,42.1518632784688
89,ccdbb0dd-b6f9-47c9-a056-f3451736ea3a,6/28/2022 12:30:00 PM,Eoin,ID-C24,1,1,2,0,1,60,75,7/19/2022 11:27:14 AM,reggleston,7/19/2022 11:27:14 AM,reggleston,-112.977358608858,42.0525414118831
90,467b4f27-490d-4959-a0d9-94feddf09b88,6/29/2022 1:36:00 PM,Eoin,ID-C23,1,0,2,1,2,65,70,7/19/2022 11:27:16 AM,reggleston,7/19/2022 11:27:16 AM,reggleston,-113.149940832545,42.0501256429666
91,87e195af-0c04-4446-b40e-57db9a252ba4,6/30/2022 1:05:00 PM,Eoin,ID-B19,2,2,1,0,1,55,65,7/19/2022 11:27:17 AM,reggleston,7/19/2022 11:27:17 AM,reggleston,-114.044519372998,42.2315873491834
92,e1ede62f-bd16-4ebf-8e78-b76248dc2b46,7/11/2022 12:34:00 PM,Eoin,ID-B12,2,0,0,1,2,60,70,7/19/2022 11:27:17 AM,reggleston,7/19/2022 11:27:17 AM,reggleston,-113.870802692693,42.1059105108009
93,84f64f29-331a-43cd-ae04-950e7d81294f,7/12/2022 12:35:00 PM,Eoin,UT-C15,2,0,0,1,0,60,80,7/19/2022 11:27:19 AM,reggleston,7/19/2022 11:27:19 AM,reggleston,-113.961318129089,41.8133792988571
94,ee1bb729-cbdb-4cb3-a758-34c74729c976,7/13/2022 1:51:00 PM,Eoin,ID-B23,2,1,2,2,1,65,75,7/19/2022 11:27:20 AM,reggleston,7/19/2022 11:27:20 AM,reggleston,-113.15152032798,42.0609287557186
95,5dcc6702-035a-4e24-a051-f4c494e4f80f,7/14/2022 12:25:00 PM,Eoin,ID-B28,2,0,1,0,1,65,75,7/19/2022 11:27:21 AM,reggleston,7/19/2022 11:27:21 AM,reggleston,-113.747819349907,42.01435519735
96,c0179a5e-520a-4f37-8c4a-a453f7d3422b,7/15/2022 12:08:00 PM,Eoin,UT-C25,2,2,2,2,1,70,70,7/19/2022 11:27:22 AM,reggleston,7/19/2022 11:27:22 AM,reggleston,-113.933802383338,41.819822192391
97,634de583-bda6-422c-a72b-86c3c75c036c,7/13/2022 3:18:00 PM,Rory Eggleston,ID-B13,V2,2,1,2,3,75,80,8/10/2022 12:29:28 AM,reggleston,8/10/2022 12:29:28 AM,reggleston,-114.130539000141,42.1768329386061
98,ac30b4ce-dd64-41c1-83c2-db38ee994b2d,7/14/2022 12:34:00 PM,Rory Eggleston,ID-C28,V2,1,1,1,1,71,83,8/10/2022 12:29:29 AM,reggleston,8/10/2022 12:29:29 AM,reggleston,-113.760867901252,42.0913479617258
99,66e601aa-33c1-47f4-bed9-13f376ad0ba8,7/15/2022 12:19:00 PM,Rory Eggleston,UT-C30,V2,2,2,1,2,65,75,8/10/2022 12:29:31 AM,reggleston,8/10/2022 12:29:31 AM,reggleston,-113.923828192161,41.8069868674891
100,347735f3-8715-483f-aa88-022a979f6581,7/16/2022 1:11:00 PM,Rory Eggleston,ID-C11,V2,0,0,0,2,67,85,8/10/2022 12:29:33 AM,reggleston,8/10/2022 12:29:33 AM,reggleston,-113.448831858219,42.1154774073904
101,6bd2dd2f-6688-4e97-bcff-f0334dda3e43,7/18/2022 1:04:00 PM,Rory Eggleston,ID-B11,V2,2,2,0,1,76,81,8/10/2022 12:29:34 AM,reggleston,8/10/2022 12:29:34 AM,reggleston,-113.447330826999,42.1048382996042
102,c0eda62b-3739-42f1-adb5-46f38cf30b7c,6/20/2022 12:53:00 PM,Austin,UT_C15,01,3,2,2,2,45,63,8/15/2022 3:34:44 AM,carter_ruger,8/15/2022 3:34:44 AM,carter_ruger,-113.970278968844,41.813035643779
103,1cc0606e-b834-4b46-b060-b25f31879c64,6/21/2022 12:47:00 PM,Austin,ID_B3,01,0,0,0,0,32,75,8/15/2022 3:34:46 AM,carter_ruger,8/15/2022 3:34:46 AM,carter_ruger,-113.269044095743,42.0936743570873
104,be827470-0c4e-46f0-be44-f69396cdee5d,6/22/2022 1:16:00 PM,Austin,ID_B19,01,0,0,0,1,55,78,8/15/2022 3:34:48 AM,carter_ruger,8/15/2022 3:34:48 AM,carter_ruger,-114.047461307416,42.2316618999347
105,c0af9e40-38fe-4f40-b9a0-28b1172dbbc9,6/23/2022 1:56:00 PM,Austin,ID_C15,01,1,2,2,2,58,75,8/15/2022 3:34:49 AM,carter_ruger,8/15/2022 3:34:49 AM,carter_ruger,-113.873948619262,42.1368938186736
106,39b8e299-8ddd-4e05-871c-e5cf9af8b44f,6/27/2022 1:01:00 PM,Austin,ID_B28,01,0,0,0,0,55,83,8/15/2022 3:34:49 AM,carter_ruger,8/15/2022 3:34:49 AM,carter_ruger,-113.73889953855,42.0148018534332
107,e50e75d8-9dbc-4165-9d4f-cb9428303788,6/28/2022 12:28:00 PM,Austin,C4,01,1,h,0,g,63,h,8/15/2022 3:34:50 AM,carter_ruger,8/15/2022 3:34:50 AM,carter_ruger,-112.963412631811,42.0597524869274
108,dbff166a-8ed6-483f-9ee3-cea7cc856d69,6/29/2022 12:28:00 PM,Austin,ID_C3,02,2,2,0,0,58,80,8/15/2022 3:34:51 AM,carter_ruger,8/15/2022 3:34:51 AM,carter_ruger,-113.226547576496,42.0962530863276
109,de728a2e-9f53-4927-a87d-4601e38c2a2c,6/30/2022 1:00:00 PM,Austin,ID_C19,02,2,2,0,2,50,65,8/15/2022 3:34:52 AM,carter_ruger,8/15/2022 3:34:52 AM,carter_ruger,-114.034201538104,42.2046900532169
110,98fbbe90-6a62-46d7-905d-5278e618d776,7/1/2022 12:35:00 PM,Austin,ID_C26,02,0,1,2,2,52,60,8/15/2022 3:34:53 AM,carter_ruger,8/15/2022 3:34:53 AM,carter_ruger,-113.940219352896,42.2013952011718
111,697c9a66-3b71-4a0b-a8b3-40dbab9037cb,7/11/2022 12:23:00 PM,Austin,ID_C12,02,0,0,1,1,54,70,8/15/2022 3:34:54 AM,carter_ruger,8/15/2022 3:34:54 AM,carter_ruger,-113.877554367566,42.1205440078809
112,ec15a781-c35f-410a-bd3d-d57d2bf16821,7/12/2022 12:17:00 PM,Austin,UT_C25,01,0,0,0,0,65,80,8/15/2022 3:34:55 AM,carter_ruger,8/15/2022 3:34:55 AM,carter_ruger,-113.933617236354,41.821839827703
113,ac24294f-1ad7-4929-8c06-c41abdaeb1cf,7/13/2022 1:04:00 PM,Austin,ID_B26,02,2,1,2,3,66,80,8/15/2022 3:34:55 AM,carter_ruger,8/15/2022 3:34:55 AM,carter_ruger,-114.06361130329,42.2156202634757
114,dd0886dd-057a-4bc1-bd44-84dd604eb310,7/14/2022 1:13:00 PM,Austin,ID_B21,02,0,0,0,0,70,83,8/15/2022 3:34:56 AM,carter_ruger,8/15/2022 3:34:56 AM,carter_ruger,-113.027801229828,42.0194156645513
115,71c877b1-8894-4310-a35e-0c5c73fcf72e,7/15/2022 12:47:00 PM,Austin,UT_C16,02,2,2,0,1,70,80,8/15/2022 3:34:57 AM,carter_ruger,8/15/2022 3:34:57 AM,carter_ruger,-113.966843525089,41.9115127637876
116,477a4588-70d4-4c5b-93c1-ea92d5a3f1b9,6/20/2022 2:18:00 PM,Keramie Hamby,UT-B30,V2,1,2,2,3,48,48,8/30/2022 5:29:46 PM,reggleston,8/30/2022 5:29:46 PM,reggleston,-114.013604997354,41.8607092931275
117,25648c2b-8bd7-4ab8-914c-64aba3013160,6/21/2022 1:08:00 PM,Keramie Hamby ,ID-C7,1,0,0,0,1,47,65,8/30/2022 5:29:49 PM,reggleston,8/30/2022 5:29:49 PM,reggleston,-113.421469595779,42.1452071572138
118,5353ac19-f121-4415-ba00-7b8c64bbd41b,6/22/2022 12:34:00 PM,Keramie Hamby ,ID-C16,1,0,0,1,0,56,70,8/30/2022 5:29:51 PM,reggleston,8/30/2022 5:29:51 PM,reggleston,-113.953857556713,42.2253925718665
119,978c3a82-d1d8-4b53-827b-959b649046a0,6/23/2022 12:20:00 PM,Keramie Hamby,ID-C26,V1,1,1,3,3,62,75,8/30/2022 5:29:53 PM,reggleston,8/30/2022 5:29:53 PM,reggleston,-113.94943473526,42.2075620105306
120,a21062bf-a003-4ad7-b55c-b46461fe37db,6/27/2022 12:34:00 PM,Keramie Hamby,ID-B7,V2,0,0,0,0,53,79,8/30/2022 5:29:54 PM,reggleston,8/30/2022 5:29:54 PM,reggleston,-113.445987778564,42.120332042424
121,8a5e43be-ae5d-43dc-8c34-0ff08b5e5756,6/28/2022 12:37:00 PM,Keramie Hamby,ID-B24,V1,2,2,0,1,67,81,8/30/2022 5:29:56 PM,reggleston,8/30/2022 5:29:56 PM,reggleston,-112.999062817409,42.0552077233946
122,87ebe94b-cf0b-456b-ae0c-328b6f3662db,6/29/2022 12:31:00 PM,Keramie Hamby,ID-B21,V1,3,3,0,3,68,75,8/30/2022 5:29:58 PM,reggleston,8/30/2022 5:29:58 PM,reggleston,-113.027965184187,42.0237494695776
123,bc5b7567-2ef4-4944-b0b6-adcc65b9ca98,6/30/2022 12:52:00 PM,Keramie Hamby,ID-B26,V1,3,2,2,2,54,72,8/30/2022 5:30:00 PM,reggleston,8/30/2022 5:30:00 PM,reggleston,-114.063862589842,42.2223110410167
124,8ce14958-9134-42e7-bf3a-9fe2c1b034e1,7/11/2022 12:09:00 PM,Keramie Hamby,UT-C27,V2,1,0,1,1,56,70,8/30/2022 5:30:01 PM,reggleston,8/30/2022 5:30:01 PM,reggleston,-114.006957352264,41.9470398671455
125,6bc15bfa-0f15-4363-a1b1-7bce10bc4faa,7/12/2022 12:19:00 PM,Keramie Hamby,UT-C30,V1,1,2,0,1,57,80,8/30/2022 5:30:03 PM,reggleston,8/30/2022 5:30:03 PM,reggleston,-113.920920687658,41.8045932902933
126,e403f741-923f-46d1-baeb-5002cd91a246,7/13/2022 1:02:00 PM,Keramie Hamby,ID-C13,V2,3,2,3,3,68,80,8/30/2022 5:30:05 PM,reggleston,8/30/2022 5:30:05 PM,reggleston,-114.062412373489,42.2040548424095
127,b90d810b-ff70-4a83-9faf-d0ac253d16fb,7/14/2022 1:05:00 PM,Keramie Hamby,ID-C21,V2,1,1,0,0,69,85,8/30/2022 5:30:07 PM,reggleston,8/30/2022 5:30:07 PM,reggleston,-113.000726043903,42.0252990421069
