"","Full.Point.ID","Point.ID","Route.ID","UTM.X","UTM.Y","Geo.X","Geo.Y","Route.Type"
"1","ID-B03-P13","13","ID-B03",311615.7659,4662717.284,-113.2779917,42.09394452,"B"
"2","ID-B03-P14","14","ID-B03",311860.6303,4662703.488,-113.2750286,42.09387909,"B"
"3","ID-B03-P15","15","ID-B03",312105.495,4662689.701,-113.2720655,42.09381365,"B"
"4","ID-B03-P16","16","ID-B03",312350.3604,4662675.922,-113.2691023,42.09374822,"B"
"5","ID-B03-P09","09","ID-B03",311629.5686,4662961.237,-113.2779035,42.09614326,"B"
"6","ID-B03-P10","10","ID-B03",311874.4247,4662947.442,-113.2749404,42.09607783,"B"
"7","ID-B03-P11","11","ID-B03",312119.281,4662933.655,-113.2719773,42.0960124,"B"
"8","ID-B03-P12","12","ID-B03",312364.1378,4662919.876,-113.2690141,42.09594697,"B"
"9","ID-B03-P05","05","ID-B03",311643.3711,4663205.182,-113.2778154,42.09834193,"B"
"10","ID-B03-P06","06","ID-B03",311888.2185,4663191.387,-113.2748522,42.0982765,"B"
"11","ID-B03-P07","07","ID-B03",312133.0664,4663177.6,-113.2718891,42.09821107,"B"
"12","ID-B03-P08","08","ID-B03",312377.9148,4663163.822,-113.268926,42.09814564,"B"
"13","ID-B03-P01","01","ID-B03",311657.173,4663449.119,-113.2777272,42.10054051,"B"
"14","ID-B03-P02","02","ID-B03",311902.012,4663435.324,-113.274764,42.10047509,"B"
"15","ID-B03-P03","03","ID-B03",312146.8514,4663421.538,-113.2718009,42.10040966,"B"
"16","ID-B03-P04","04","ID-B03",312391.6913,4663407.76,-113.2688378,42.10034424,"B"
"17","ID-B04-P13","13","ID-B04",334497.7903,4659317.688,-113.0005104,42.06850298,"B"
"18","ID-B04-P14","14","ID-B04",334743.1141,4659318.752,-112.9975471,42.0685642,"B"
"19","ID-B04-P15","15","ID-B04",334988.4374,4659319.825,-112.9945838,42.06862542,"B"
"20","ID-B04-P16","16","ID-B04",335233.7602,4659320.907,-112.9916205,42.06868665,"B"
"21","ID-B04-P09","09","ID-B04",334496.6837,4659562.101,-113.0005929,42.07070272,"B"
"22","ID-B04-P10","10","ID-B04",334741.9991,4659563.165,-112.9976296,42.07076394,"B"
"23","ID-B04-P11","11","ID-B04",334987.3139,4659564.238,-112.9946663,42.07082516,"B"
"24","ID-B04-P12","12","ID-B04",335232.6282,4659565.319,-112.991703,42.07088639,"B"
"25","ID-B04-P05","05","ID-B04",334495.5775,4659806.506,-113.0006754,42.07290239,"B"
"26","ID-B04-P06","06","ID-B04",334740.8845,4659807.569,-112.9977121,42.07296361,"B"
"27","ID-B04-P07","07","ID-B04",334986.1909,4659808.642,-112.9947488,42.07302483,"B"
"28","ID-B04-P08","08","ID-B04",335231.4967,4659809.722,-112.9917855,42.07308605,"B"
"29","ID-B04-P01","01","ID-B04",334494.4721,4660050.903,-113.0007578,42.07510199,"B"
"30","ID-B04-P02","02","ID-B04",334739.7705,4660051.966,-112.9977946,42.0751632,"B"
"31","ID-B04-P03","03","ID-B04",334985.0685,4660053.037,-112.9948313,42.07522442,"B"
"32","ID-B04-P04","04","ID-B04",335230.3659,4660054.117,-112.991868,42.07528564,"B"
"33","ID-B07-P13","13","ID-B07",297065.3062,4665497.425,-113.4547536,42.11533453,"B"
"34","ID-B07-P14","14","ID-B07",297310.4903,4665498.604,-113.4517909,42.11540852,"B"
"35","ID-B07-P15","15","ID-B07",297555.6738,4665499.79,-113.4488281,42.11548251,"B"
"36","ID-B07-P16","16","ID-B07",297800.8568,4665500.986,-113.4458653,42.1155565,"B"
"37","ID-B07-P09","09","ID-B07",297064.0759,4665741.701,-113.4548534,42.11753225,"B"
"38","ID-B07-P10","10","ID-B07",297309.2517,4665742.879,-113.4518906,42.11760624,"B"
"39","ID-B07-P11","11","ID-B07",297554.4267,4665744.065,-113.4489278,42.11768023,"B"
"40","ID-B07-P12","12","ID-B07",297799.6011,4665745.26,-113.4459651,42.11775422,"B"
"41","ID-B07-P05","05","ID-B07",297062.8464,4665985.969,-113.4549531,42.11972991,"B"
"42","ID-B07-P06","06","ID-B07",297308.0136,4665987.146,-113.4519903,42.11980389,"B"
"43","ID-B07-P07","07","ID-B07",297553.1802,4665988.332,-113.4490276,42.11987788,"B"
"44","ID-B07-P08","08","ID-B07",297798.3461,4665989.526,-113.4460648,42.11995187,"B"
"45","ID-B07-P01","01","ID-B07",297061.6174,4666230.229,-113.4550529,42.12192748,"B"
"46","ID-B07-P02","02","ID-B07",297306.7761,4666231.405,-113.4520901,42.12200147,"B"
"47","ID-B07-P03","03","ID-B07",297551.9342,4666232.59,-113.4491273,42.12207545,"B"
"48","ID-B07-P04","04","ID-B07",297797.0918,4666233.783,-113.4461646,42.12214944,"B"
"49","ID-B09-P16","16","ID-B09",258025.1584,4652953.276,-113.9212651,41.99143382,"B"
"50","ID-B09-P13","13","ID-B09",257270.5191,4652952.456,-113.9303637,41.99119435,"B"
"51","ID-B09-P14","14","ID-B09",257522.2852,4652951.961,-113.9273279,41.99126741,"B"
"52","ID-B09-P15","15","ID-B09",257774.0521,4652951.466,-113.924292,41.99134039,"B"
"53","ID-B09-P09","09","ID-B09",257269.987,4653200.861,-113.9304727,41.99342856,"B"
"54","ID-B09-P10","10","ID-B09",257521.7523,4653200.366,-113.9274368,41.99350163,"B"
"55","ID-B09-P11","11","ID-B09",257773.5184,4653199.873,-113.9244008,41.99357463,"B"
"56","ID-B09-P12","12","ID-B09",258025.2852,4653199.381,-113.9213649,41.99364756,"B"
"57","ID-B09-P05","05","ID-B09",257269.4545,4653449.266,-113.9305817,41.99566277,"B"
"58","ID-B09-P06","06","ID-B09",257521.2187,4653448.773,-113.9275457,41.99573585,"B"
"59","ID-B09-P07","07","ID-B09",257772.9839,4653448.28,-113.9245097,41.99580887,"B"
"60","ID-B09-P08","08","ID-B09",258024.7501,4653447.789,-113.9214736,41.99588182,"B"
"61","ID-B09-P01","01","ID-B09",257268.9212,4653697.672,-113.9306907,41.99789698,"B"
"62","ID-B09-P02","02","ID-B09",257520.6846,4653697.179,-113.9276546,41.99797008,"B"
"63","ID-B09-P03","03","ID-B09",257772.449,4653696.688,-113.9246185,41.99804311,"B"
"64","ID-B09-P04","04","ID-B09",258024.2144,4653696.198,-113.9215824,41.99811608,"B"
"65","ID-B11-P13","13","ID-B11",297649.3796,4663579.993,-113.4470308,42.09823183,"B"
"66","ID-B11-P14","14","ID-B11",297894.629,4663581.163,-113.444068,42.09830555,"B"
"67","ID-B11-P15","15","ID-B11",298139.8778,4663582.342,-113.4411052,42.09837927,"B"
"68","ID-B11-P16","16","ID-B11",298385.126,4663583.529,-113.4381424,42.09845298,"B"
"69","ID-B11-P09","09","ID-B11",297648.1576,4663824.333,-113.4471301,42.10043016,"B"
"70","ID-B11-P10","10","ID-B11",297893.3985,4663825.503,-113.4441673,42.10050388,"B"
"71","ID-B11-P11","11","ID-B11",298138.6388,4663826.681,-113.4412046,42.10057759,"B"
"72","ID-B11-P12","12","ID-B11",298383.8785,4663827.868,-113.4382418,42.1006513,"B"
"73","ID-B11-P05","05","ID-B11",297646.9362,4664068.665,-113.4472295,42.10262842,"B"
"74","ID-B11-P06","06","ID-B11",297892.1687,4664069.835,-113.4442667,42.10270213,"B"
"75","ID-B11-P07","07","ID-B11",298137.4005,4664071.012,-113.4413039,42.10277584,"B"
"76","ID-B11-P08","08","ID-B11",298382.6317,4664072.198,-113.4383411,42.10284955,"B"
"77","ID-B11-P01","01","ID-B11",297645.7155,4664312.989,-113.4473288,42.1048266,"B"
"78","ID-B11-P02","02","ID-B11",297890.9394,4664314.158,-113.444366,42.1049003,"B"
"79","ID-B11-P03","03","ID-B11",298136.1628,4664315.335,-113.4414033,42.10497401,"B"
"80","ID-B11-P04","04","ID-B11",298381.3856,4664316.52,-113.4384405,42.10504772,"B"
"81","ID-B12-P14","14","ID-B12",262142.6992,4665049.256,-113.8765251,42.10149382,"B"
"82","ID-B12-P15","15","ID-B12",262387.984,4665048.209,-113.873562,42.1015587,"B"
"83","ID-B12-P16","16","ID-B12",262633.2682,4665047.17,-113.8705988,42.10162357,"B"
"84","ID-B12-P09","09","ID-B12",262878.5518,4665046.141,-113.8676357,42.10168844,"B"
"85","ID-B12-P10","10","ID-B12",262143.6934,4665293.632,-113.8766126,42.10369232,"B"
"86","ID-B12-P11","11","ID-B12",262388.9697,4665292.584,-113.8736494,42.10375719,"B"
"87","ID-B12-P12","12","ID-B12",262634.2455,4665291.545,-113.8706863,42.10382206,"B"
"88","ID-B12-P13","13","ID-B12",262879.5205,4665290.515,-113.8677231,42.10388693,"B"
"89","ID-B12-P05","05","ID-B12",262144.6881,4665537.999,-113.8767,42.10589074,"B"
"90","ID-B12-P06","06","ID-B12",262389.9559,4665536.951,-113.8737369,42.10595561,"B"
"91","ID-B12-P07","07","ID-B12",262635.2232,4665535.912,-113.8707737,42.10602048,"B"
"92","ID-B12-P08","08","ID-B12",262880.4899,4665534.881,-113.8678106,42.10608535,"B"
"93","ID-B12-P01","01","ID-B12",262145.6834,4665782.358,-113.8767874,42.10808909,"B"
"94","ID-B12-P02","02","ID-B12",262390.9427,4665781.31,-113.8738243,42.10815395,"B"
"95","ID-B12-P03","03","ID-B12",262636.2015,4665780.27,-113.8708611,42.10821882,"B"
"96","ID-B12-P04","04","ID-B12",262881.4597,4665779.238,-113.867898,42.10828368,"B"
"97","ID-B13-P13","13","ID-B13",240712.31,4674206.186,-114.1394008,42.17705597,"B"
"98","ID-B13-P14","14","ID-B13",240956.6848,4674188.314,-114.1364383,42.17697613,"B"
"99","ID-B13-P15","15","ID-B13",241201.0602,4674170.45,-114.1334758,42.1768963,"B"
"100","ID-B13-P16","16","ID-B13",241445.4361,4674152.594,-114.1305134,42.17681647,"B"
"101","ID-B13-P09","09","ID-B13",240730.186,4674449.653,-114.1392931,42.17925135,"B"
"102","ID-B13-P10","10","ID-B13",240974.5523,4674431.781,-114.1363306,42.17917152,"B"
"103","ID-B13-P11","11","ID-B13",241218.9193,4674413.918,-114.1333681,42.17909169,"B"
"104","ID-B13-P12","12","ID-B13",241463.2867,4674396.063,-114.1304056,42.17901186,"B"
"105","ID-B13-P05","05","ID-B13",240748.0615,4674693.111,-114.1391854,42.18144665,"B"
"106","ID-B13-P06","06","ID-B13",240992.4193,4674675.24,-114.1362229,42.18136682,"B"
"107","ID-B13-P07","07","ID-B13",241236.7778,4674657.377,-114.1332604,42.181287,"B"
"108","ID-B13-P08","08","ID-B13",241481.1367,4674639.523,-114.1302979,42.18120717,"B"
"109","ID-B13-P01","01","ID-B13",240765.9364,4674936.561,-114.1390776,42.18364188,"B"
"110","ID-B13-P02","02","ID-B13",241010.2858,4674918.691,-114.1361152,42.18356205,"B"
"111","ID-B13-P03","03","ID-B13",241254.6357,4674900.828,-114.1331527,42.18348223,"B"
"112","ID-B13-P04","04","ID-B13",241498.9863,4674882.974,-114.1301902,42.1834024,"B"
"113","ID-B15-P01","01","ID-B15",259991.9414,4660096.572,-113.9004719,42.05628988,"B"
"114","ID-B15-P05","05","ID-B15",259992.3541,4659852.01,-113.9003668,42.05409017,"B"
"115","ID-B15-P09","09","ID-B15",259992.7674,4659607.44,-113.9002616,42.05189038,"B"
"116","ID-B15-P13","13","ID-B15",259993.1816,4659362.862,-113.9001565,42.04969052,"B"
"117","ID-B15-P02","02","ID-B15",260237.405,4660096.926,-113.8975094,42.05636796,"B"
"118","ID-B15-P06","06","ID-B15",260237.8262,4659852.365,-113.8974042,42.05416825,"B"
"119","ID-B15-P10","10","ID-B15",260238.2481,4659607.795,-113.897299,42.05196847,"B"
"120","ID-B15-P14","14","ID-B15",260238.6706,4659363.217,-113.8971939,42.0497686,"B"
"121","ID-B15-P03","03","ID-B15",260482.868,4660097.288,-113.8945468,42.05644604,"B"
"122","ID-B15-P07","07","ID-B15",260483.2976,4659852.727,-113.8944416,42.05424633,"B"
"123","ID-B15-P11","11","ID-B15",260483.7279,4659608.159,-113.8943365,42.05204655,"B"
"124","ID-B15-P15","15","ID-B15",260484.1589,4659363.582,-113.8942313,42.04984669,"B"
"125","ID-B15-P04","04","ID-B15",260728.3302,4660097.658,-113.8915842,42.05652412,"B"
"126","ID-B15-P08","08","ID-B15",260728.7684,4659853.099,-113.891479,42.05432441,"B"
"127","ID-B15-P12","12","ID-B15",260729.2072,4659608.531,-113.8913739,42.05212463,"B"
"128","ID-B15-P16","16","ID-B15",260729.6466,4659363.954,-113.8912687,42.04992478,"B"
"129","ID-B16-P13","13","ID-B16",252574.8142,4684240.811,-114.0002416,42.27114601,"B"
"130","ID-B16-P14","14","ID-B16",252819.4598,4684240.624,-113.9972789,42.27122186,"B"
"131","ID-B16-P15","15","ID-B16",253064.1048,4684240.445,-113.9943162,42.27129771,"B"
"132","ID-B16-P16","16","ID-B16",253308.7491,4684240.275,-113.9913536,42.27137356,"B"
"133","ID-B16-P09","09","ID-B16",252574.9433,4684484.555,-114.0003441,42.27333826,"B"
"134","ID-B16-P10","10","ID-B16",252819.5805,4684484.367,-113.9973814,42.27341411,"B"
"135","ID-B16-P11","11","ID-B16",253064.2169,4684484.188,-113.9944187,42.27348995,"B"
"136","ID-B16-P12","12","ID-B16",253308.8528,4684484.017,-113.9914561,42.2735658,"B"
"137","ID-B16-P05","05","ID-B16",252575.073,4684728.291,-114.0004466,42.27553043,"B"
"138","ID-B16-P06","06","ID-B16",252819.7017,4684728.103,-113.9974839,42.27560627,"B"
"139","ID-B16-P07","07","ID-B16",253064.3298,4684727.923,-113.9945212,42.27568212,"B"
"140","ID-B16-P08","08","ID-B16",253308.9571,4684727.751,-113.9915586,42.27575796,"B"
"141","ID-B16-P01","01","ID-B16",252575.2034,4684972.019,-114.0005491,42.27772253,"B"
"142","ID-B16-P02","02","ID-B16",252819.8236,4684971.83,-113.9975864,42.27779837,"B"
"143","ID-B16-P03","03","ID-B16",253064.4432,4684971.649,-113.9946237,42.27787421,"B"
"144","ID-B16-P04","04","ID-B16",253309.0621,4684971.477,-113.9916611,42.27795005,"B"
"145","ID-B19-P13","13","ID-B19",248474.7955,4679263.832,-114.0477325,42.22507478,"B"
"146","ID-B19-P14","14","ID-B19",248719.0645,4679247.261,-114.0447696,42.22500431,"B"
"147","ID-B19-P15","15","ID-B19",248963.3338,4679230.698,-114.0418067,42.22493385,"B"
"148","ID-B19-P16","16","ID-B19",249207.6038,4679214.144,-114.0388438,42.22486339,"B"
"149","ID-B19-P09","09","ID-B19",248491.3673,4679507.195,-114.0476373,42.22726881,"B"
"150","ID-B19-P10","10","ID-B19",248735.6276,4679490.624,-114.0446744,42.22719835,"B"
"151","ID-B19-P11","11","ID-B19",248979.8887,4679474.062,-114.0417115,42.22712789,"B"
"152","ID-B19-P12","12","ID-B19",249224.15,4679457.508,-114.0387486,42.22705743,"B"
"153","ID-B19-P05","05","ID-B19",248507.9385,4679750.549,-114.0475422,42.22946276,"B"
"154","ID-B19-P06","06","ID-B19",248752.1905,4679733.979,-114.0445793,42.2293923,"B"
"155","ID-B19-P07","07","ID-B19",248996.4429,4679717.418,-114.0416164,42.22932185,"B"
"156","ID-B19-P08","08","ID-B19",249240.6959,4679700.864,-114.0386535,42.22925139,"B"
"157","ID-B19-P01","01","ID-B19",248524.5093,4679993.895,-114.047447,42.23165664,"B"
"158","ID-B19-P02","02","ID-B19",248768.7528,4679977.326,-114.0444841,42.23158618,"B"
"159","ID-B19-P03","03","ID-B19",249012.9967,4679960.765,-114.0415212,42.23151573,"B"
"160","ID-B19-P04","04","ID-B19",249257.2412,4679944.212,-114.0385583,42.23144527,"B"
"161","ID-B21-P13","13","ID-B21",331373.0173,4653905.283,-113.0367009,42.01912204,"B"
"162","ID-B21-P14","14","ID-B21",331618.5359,4653905.901,-113.0337375,42.01918016,"B"
"163","ID-B21-P15","15","ID-B21",331864.0541,4653906.527,-113.0307741,42.01923829,"B"
"164","ID-B21-P16","16","ID-B21",332109.5717,4653907.161,-113.0278107,42.01929641,"B"
"165","ID-B21-P09","09","ID-B21",331372.3587,4654149.889,-113.0367792,42.02132358,"B"
"166","ID-B21-P10","10","ID-B21",331617.8687,4654150.506,-113.0338158,42.0213817,"B"
"167","ID-B21-P11","11","ID-B21",331863.3784,4654151.132,-113.0308524,42.02143983,"B"
"168","ID-B21-P12","12","ID-B21",332108.8876,4654151.766,-113.0278889,42.02149795,"B"
"169","ID-B21-P05","05","ID-B21",331371.7004,4654394.487,-113.0368574,42.02352505,"B"
"170","ID-B21-P06","06","ID-B21",331617.2021,4654395.104,-113.033894,42.02358317,"B"
"171","ID-B21-P07","07","ID-B21",331862.7033,4654395.728,-113.0309306,42.02364129,"B"
"172","ID-B21-P08","08","ID-B21",332108.204,4654396.362,-113.0279672,42.02369941,"B"
"173","ID-B21-P01","01","ID-B21",331371.0427,4654639.076,-113.0369356,42.02572643,"B"
"174","ID-B21-P02","02","ID-B21",331616.5359,4654639.692,-113.0339722,42.02578455,"B"
"175","ID-B21-P03","03","ID-B21",331862.0287,4654640.317,-113.0310088,42.02584267,"B"
"176","ID-B21-P04","04","ID-B21",332107.5209,4654640.95,-113.0280454,42.02590079,"B"
"177","ID-B22-P13","13","ID-B22",337047.6741,4662866.326,-112.9706953,42.100978,"B"
"178","ID-B22-P14","14","ID-B22",337292.8728,4662866.391,-112.9677316,42.10102946,"B"
"179","ID-B22-P15","15","ID-B22",337538.0712,4662866.465,-112.964768,42.10108092,"B"
"180","ID-B22-P16","16","ID-B22",337783.2691,4662866.547,-112.9618044,42.10113239,"B"
"181","ID-B22-P09","09","ID-B22",337047.5712,4663110.615,-112.9707646,42.10317686,"B"
"182","ID-B22-P10","10","ID-B22",337292.7615,4663110.68,-112.967801,42.10322833,"B"
"183","ID-B22-P11","11","ID-B22",337537.9513,4663110.753,-112.9648374,42.10327979,"B"
"184","ID-B22-P12","12","ID-B22",337783.1407,4663110.835,-112.9618737,42.10333125,"B"
"185","ID-B22-P05","05","ID-B22",337047.4687,4663354.896,-112.970834,42.10537566,"B"
"186","ID-B22-P06","06","ID-B22",337292.6505,4663354.96,-112.9678704,42.10542712,"B"
"187","ID-B22-P07","07","ID-B22",337537.8319,4663355.033,-112.9649067,42.10547858,"B"
"188","ID-B22-P08","08","ID-B22",337783.0128,4663355.115,-112.9619431,42.10553004,"B"
"189","ID-B22-P01","01","ID-B22",337047.3666,4663599.169,-112.9709033,42.10757437,"B"
"190","ID-B22-P02","02","ID-B22",337292.54,4663599.233,-112.9679397,42.10762583,"B"
"191","ID-B22-P03","03","ID-B22",337537.7129,4663599.305,-112.9649761,42.10767729,"B"
"192","ID-B22-P04","04","ID-B22",337782.8854,4663599.386,-112.9620125,42.10772875,"B"
"193","ID-B23-P13","13","ID-B23",321721.7624,4658805.445,-113.1546821,42.06109765,"B"
"194","ID-B23-P14","14","ID-B23",321967.1281,4658804.327,-113.1517183,42.0611432,"B"
"195","ID-B23-P15","15","ID-B23",322212.4935,4658803.216,-113.1487545,42.06118875,"B"
"196","ID-B23-P16","16","ID-B23",322457.8584,4658802.114,-113.1457907,42.0612343,"B"
"197","ID-B23-P09","09","ID-B23",321722.8443,4659049.9,-113.1547435,42.06329803,"B"
"198","ID-B23-P10","10","ID-B23",321968.2015,4659048.781,-113.1517797,42.06334358,"B"
"199","ID-B23-P11","11","ID-B23",322213.5583,4659047.67,-113.1488159,42.06338913,"B"
"200","ID-B23-P12","12","ID-B23",322458.9147,4659046.567,-113.1458521,42.06343468,"B"
"201","ID-B23-P05","05","ID-B23",321723.9266,4659294.346,-113.1548048,42.06549834,"B"
"202","ID-B23-P06","06","ID-B23",321969.2753,4659293.226,-113.151841,42.06554389,"B"
"203","ID-B23-P07","07","ID-B23",322214.6236,4659292.115,-113.1488772,42.06558943,"B"
"204","ID-B23-P08","08","ID-B23",322459.9715,4659291.012,-113.1459134,42.06563499,"B"
"205","ID-B23-P01","01","ID-B23",321725.0091,4659538.784,-113.1548662,42.06769857,"B"
"206","ID-B23-P02","02","ID-B23",321970.3493,4659537.664,-113.1519024,42.06774412,"B"
"207","ID-B23-P03","03","ID-B23",322215.6892,4659536.552,-113.1489386,42.06778966,"B"
"208","ID-B23-P04","04","ID-B23",322461.0287,4659535.449,-113.1459748,42.06783521,"B"
"209","ID-B24-P13","13","ID-B24",333853.6611,4657840.188,-113.0078725,42.055068,"B"
"210","ID-B24-P14","14","ID-B24",334099.0395,4657840.549,-113.004909,42.05512308,"B"
"211","ID-B24-P15","15","ID-B24",334344.4174,4657840.918,-113.0019455,42.05517816,"B"
"212","ID-B24-P16","16","ID-B24",334589.7948,4657841.296,-112.9989819,42.05523324,"B"
"213","ID-B24-P09","09","ID-B24",333853.2605,4658084.655,-113.0079467,42.05726838,"B"
"214","ID-B24-P10","10","ID-B24",334098.6304,4658085.015,-113.0049831,42.05732345,"B"
"215","ID-B24-P11","11","ID-B24",334343.9999,4658085.384,-113.0020196,42.05737853,"B"
"216","ID-B24-P12","12","ID-B24",334589.3688,4658085.762,-112.9990561,42.0574336,"B"
"217","ID-B24-P05","05","ID-B24",333852.8604,4658329.113,-113.0080208,42.05946867,"B"
"218","ID-B24-P06","06","ID-B24",334098.2219,4658329.473,-113.0050573,42.05952375,"B"
"219","ID-B24-P07","07","ID-B24",334343.5828,4658329.842,-113.0020938,42.05957882,"B"
"220","ID-B24-P08","08","ID-B24",334588.9435,4658330.219,-112.9991303,42.0596339,"B"
"221","ID-B24-P01","01","ID-B24",333852.4608,4658573.564,-113.008095,42.06166889,"B"
"222","ID-B24-P02","02","ID-B24",334097.8137,4658573.924,-113.0051315,42.06172397,"B"
"223","ID-B24-P03","03","ID-B24",334343.1663,4658574.291,-113.002168,42.06177904,"B"
"224","ID-B24-P04","04","ID-B24",334588.5183,4658574.668,-112.9992045,42.06183411,"B"
"225","ID-B26-P13","13","ID-B26",247131.7709,4678262.251,-114.0635475,42.21563379,"B"
"226","ID-B26-P14","14","ID-B26",247376.6392,4678262.039,-114.0605849,42.21571105,"B"
"227","ID-B26-P15","15","ID-B26",247621.5069,4678261.835,-114.0576223,42.2157883,"B"
"228","ID-B26-P16","16","ID-B26",247866.3738,4678261.641,-114.0546597,42.21586555,"B"
"229","ID-B26-P09","09","ID-B26",247131.9232,4678506.216,-114.0636518,42.21782792,"B"
"230","ID-B26-P10","10","ID-B26",247376.7831,4678506.003,-114.0606892,42.21790517,"B"
"231","ID-B26-P11","11","ID-B26",247621.6423,4678505.799,-114.0577266,42.21798242,"B"
"232","ID-B26-P12","12","ID-B26",247866.5008,4678505.603,-114.054764,42.21805967,"B"
"233","ID-B26-P05","05","ID-B26",247132.0763,4678750.172,-114.0637561,42.22002198,"B"
"234","ID-B26-P06","06","ID-B26",247376.9277,4678749.959,-114.0607935,42.22009922,"B"
"235","ID-B26-P07","07","ID-B26",247621.7784,4678749.754,-114.0578309,42.22017647,"B"
"236","ID-B26-P08","08","ID-B26",247866.6284,4678749.558,-114.0548683,42.22025371,"B"
"237","ID-B26-P01","01","ID-B26",247132.23,4678994.12,-114.0638604,42.22221596,"B"
"238","ID-B26-P02","02","ID-B26",247377.0728,4678993.906,-114.0608978,42.2222932,"B"
"239","ID-B26-P03","03","ID-B26",247621.9151,4678993.701,-114.0579352,42.22237044,"B"
"240","ID-B26-P04","04","ID-B26",247866.7568,4678993.504,-114.0549726,42.22244768,"B"
"241","ID-B28-P13","13","ID-B28",272482.3186,4654291.688,-113.7474486,42.00778202,"B"
"242","ID-B28-P14","14","ID-B28",272727.9396,4654294.06,-113.7444868,42.00787429,"B"
"243","ID-B28-P15","15","ID-B28",272973.5598,4654296.441,-113.741525,42.00796656,"B"
"244","ID-B28-P16","16","ID-B28",273219.1794,4654298.83,-113.7385631,42.00805883,"B"
"245","ID-B28-P09","09","ID-B28",272479.8835,4654536.397,-113.7475728,42.00998279,"B"
"246","ID-B28-P10","10","ID-B28",272725.4961,4654538.769,-113.744611,42.01007506,"B"
"247","ID-B28-P11","11","ID-B28",272971.1078,4654541.149,-113.7416491,42.01016732,"B"
"248","ID-B28-P12","12","ID-B28",273216.7188,4654543.537,-113.7386873,42.01025959,"B"
"249","ID-B28-P05","05","ID-B28",272477.4492,4654781.098,-113.747697,42.01218348,"B"
"250","ID-B28-P06","06","ID-B28",272723.0533,4654783.468,-113.7447352,42.01227575,"B"
"251","ID-B28-P07","07","ID-B28",272968.6566,4654785.848,-113.7417733,42.01236801,"B"
"252","ID-B28-P08","08","ID-B28",273214.2592,4654788.236,-113.7388115,42.01246027,"B"
"253","ID-B28-P01","01","ID-B28",272475.0156,4655025.79,-113.7478212,42.0143841,"B"
"254","ID-B28-P02","02","ID-B28",272720.6113,4655028.16,-113.7448593,42.01447636,"B"
"255","ID-B28-P03","03","ID-B28",272966.2061,4655030.539,-113.7418975,42.01456862,"B"
"256","ID-B28-P04","04","ID-B28",273211.8002,4655032.926,-113.7389357,42.01466088,"B"
"257","ID-B29-P13","13","ID-B29",286169.8522,4683756.427,-113.5931322,42.27671934,"B"
"258","ID-B29-P14","14","ID-B29",286419.8522,4683756.427,-113.5901035,42.27678783,"B"
"259","ID-B29-P15","15","ID-B29",286669.8522,4683756.427,-113.5870747,42.27685624,"B"
"260","ID-B29-P16","16","ID-B29",286919.8522,4683756.427,-113.5840459,42.27692457,"B"
"261","ID-B29-P09","09","ID-B29",286169.8522,4684006.427,-113.5932245,42.27896859,"B"
"262","ID-B29-P10","10","ID-B29",286419.8522,4684006.427,-113.5901956,42.27903709,"B"
"263","ID-B29-P11","11","ID-B29",286669.8522,4684006.427,-113.5871668,42.2791055,"B"
"264","ID-B29-P12","12","ID-B29",286919.8522,4684006.427,-113.5841379,42.27917383,"B"
"265","ID-B29-P05","05","ID-B29",286169.8522,4684256.427,-113.5933168,42.28121784,"B"
"266","ID-B29-P06","06","ID-B29",286419.8522,4684256.427,-113.5902878,42.28128634,"B"
"267","ID-B29-P07","07","ID-B29",286669.8522,4684256.427,-113.5872588,42.28135476,"B"
"268","ID-B29-P08","08","ID-B29",286919.8522,4684256.427,-113.5842299,42.28142309,"B"
"269","ID-B29-P01","01","ID-B29",286169.8522,4684506.427,-113.5934091,42.28346708,"B"
"270","ID-B29-P02","02","ID-B29",286419.8522,4684506.427,-113.59038,42.28353559,"B"
"271","ID-B29-P03","03","ID-B29",286669.8522,4684506.427,-113.5873509,42.28360401,"B"
"272","ID-B29-P04","04","ID-B29",286919.8522,4684506.427,-113.5843218,42.28367236,"B"
"273","ID-B30-P13","13","ID-B30",292169.8522,4686756.427,-113.5215165,42.30533342,"B"
"274","ID-B30-P14","14","ID-B30",292419.8522,4686756.427,-113.5184862,42.30540006,"B"
"275","ID-B30-P15","15","ID-B30",292669.8522,4686756.427,-113.5154559,42.30546661,"B"
"276","ID-B30-P16","16","ID-B30",292919.8522,4686756.427,-113.5124256,42.30553308,"B"
"277","ID-B30-P09","09","ID-B30",292169.8522,4687006.427,-113.5216063,42.30758279,"B"
"278","ID-B30-P10","10","ID-B30",292419.8522,4687006.427,-113.5185759,42.30764942,"B"
"279","ID-B30-P11","11","ID-B30",292669.8522,4687006.427,-113.5155455,42.30771598,"B"
"280","ID-B30-P12","12","ID-B30",292919.8522,4687006.427,-113.5125151,42.30778246,"B"
"281","ID-B30-P05","05","ID-B30",292169.8522,4687256.427,-113.5216961,42.30983215,"B"
"282","ID-B30-P06","06","ID-B30",292419.8522,4687256.427,-113.5186656,42.30989879,"B"
"283","ID-B30-P07","07","ID-B30",292669.8522,4687256.427,-113.5156351,42.30996535,"B"
"284","ID-B30-P08","08","ID-B30",292919.8522,4687256.427,-113.5126046,42.31003184,"B"
"285","ID-B30-P01","01","ID-B30",292169.8522,4687506.427,-113.521786,42.31208151,"B"
"286","ID-B30-P02","02","ID-B30",292419.8522,4687506.427,-113.5187554,42.31214816,"B"
"287","ID-B30-P03","03","ID-B30",292669.8522,4687506.427,-113.5157248,42.31221472,"B"
"288","ID-B30-P04","04","ID-B30",292919.8522,4687506.427,-113.5126941,42.31228121,"B"
"289","ID-C03-P13","13","ID-C03",315099.3172,4662173.785,-113.2357274,42.08988148,"R"
"290","ID-C03-P14","14","ID-C03",315344.1068,4662158.537,-113.2327649,42.08980187,"R"
"291","ID-C03-P15","15","ID-C03",315588.897,4662143.298,-113.2298024,42.08972226,"R"
"292","ID-C03-P16","16","ID-C03",315833.6879,4662128.067,-113.2268399,42.08964264,"R"
"293","ID-C03-P09","09","ID-C03",315114.5777,4662417.663,-113.2356201,42.09207989,"R"
"294","ID-C03-P10","10","ID-C03",315359.359,4662402.416,-113.2326576,42.09200028,"R"
"295","ID-C03-P11","11","ID-C03",315604.1407,4662387.177,-113.2296951,42.09192068,"R"
"296","ID-C03-P12","12","ID-C03",315848.923,4662371.948,-113.2267326,42.09184107,"R"
"297","ID-C03-P05","05","ID-C03",315129.8377,4662661.533,-113.2355128,42.09427823,"R"
"298","ID-C03-P06","06","ID-C03",315374.6105,4662646.286,-113.2325503,42.09419862,"R"
"299","ID-C03-P07","07","ID-C03",315619.3839,4662631.049,-113.2295878,42.09411902,"R"
"300","ID-C03-P08","08","ID-C03",315864.1577,4662615.819,-113.2266253,42.09403942,"R"
"301","ID-C03-P01","01","ID-C03",315145.0973,4662905.395,-113.2354055,42.09647649,"R"
"302","ID-C03-P02","02","ID-C03",315389.8615,4662890.149,-113.232443,42.09639689,"R"
"303","ID-C03-P03","03","ID-C03",315634.6264,4662874.911,-113.2294805,42.09631729,"R"
"304","ID-C03-P04","04","ID-C03",315879.3918,4662859.682,-113.226518,42.09623769,"R"
"305","ID-C04-P13","13","ID-C04",336807.9837,4658262.538,-112.9723081,42.05948861,"R"
"306","ID-C04-P14","14","ID-C04",337053.3419,4658263.035,-112.9693446,42.05954399,"R"
"307","ID-C04-P15","15","ID-C04",337298.6997,4658263.54,-112.9663811,42.05959937,"R"
"308","ID-C04-P16","16","ID-C04",337544.0569,4658264.053,-112.9634176,42.05965475,"R"
"309","ID-C04-P09","09","ID-C04",336807.448,4658506.985,-112.9723827,42.06168882,"R"
"310","ID-C04-P10","10","ID-C04",337052.7978,4658507.481,-112.9694192,42.0617442,"R"
"311","ID-C04-P11","11","ID-C04",337298.147,4658507.986,-112.9664557,42.06179958,"R"
"312","ID-C04-P12","12","ID-C04",337543.4957,4658508.499,-112.9634922,42.06185496,"R"
"313","ID-C04-P05","05","ID-C04",336806.9128,4658751.424,-112.9724573,42.06388896,"R"
"314","ID-C04-P06","06","ID-C04",337052.254,4658751.92,-112.9694938,42.06394434,"R"
"315","ID-C04-P07","07","ID-C04",337297.5948,4658752.424,-112.9665303,42.06399971,"R"
"316","ID-C04-P08","08","ID-C04",337542.9351,4658752.936,-112.9635668,42.06405509,"R"
"317","ID-C04-P01","01","ID-C04",336806.3779,4658995.855,-112.9725319,42.06608902,"R"
"318","ID-C04-P02","02","ID-C04",337051.7108,4658996.35,-112.9695684,42.0661444,"R"
"319","ID-C04-P03","03","ID-C04",337297.043,4658996.853,-112.9666049,42.06619977,"R"
"320","ID-C04-P04","04","ID-C04",337542.3749,4658997.365,-112.9636414,42.06625514,"R"
"321","ID-C07-P13","13","ID-C07",299914.6816,4668738.181,-113.421428,42.14522813,"R"
"322","ID-C07-P14","14","ID-C07",300159.7437,4668739.909,-113.4184654,42.14530621,"R"
"323","ID-C07-P15","15","ID-C07",300404.805,4668741.646,-113.4155029,42.1453843,"R"
"324","ID-C07-P16","16","ID-C07",300649.8658,4668743.391,-113.4125403,42.14546238,"R"
"325","ID-C07-P09","09","ID-C07",299912.9003,4668982.337,-113.4215333,42.14742468,"R"
"326","ID-C07-P10","10","ID-C07",300157.9539,4668984.064,-113.4185707,42.14750276,"R"
"327","ID-C07-P11","11","ID-C07",300403.0067,4668985.8,-113.4156082,42.14758084,"R"
"328","ID-C07-P12","12","ID-C07",300648.059,4668987.545,-113.4126456,42.14765892,"R"
"329","ID-C07-P05","05","ID-C07",299911.1196,4669226.484,-113.4216386,42.14962115,"R"
"330","ID-C07-P06","06","ID-C07",300156.1647,4669228.211,-113.4186761,42.14969923,"R"
"331","ID-C07-P07","07","ID-C07",300401.2092,4669229.946,-113.4157135,42.14977731,"R"
"332","ID-C07-P08","08","ID-C07",300646.253,4669231.69,-113.4127509,42.14985539,"R"
"333","ID-C07-P01","01","ID-C07",299909.3395,4669470.622,-113.4217439,42.15181754,"R"
"334","ID-C07-P02","02","ID-C07",300154.3762,4669472.349,-113.4187814,42.15189562,"R"
"335","ID-C07-P03","03","ID-C07",300399.4122,4669474.083,-113.4158188,42.1519737,"R"
"336","ID-C07-P04","04","ID-C07",300644.4475,4669475.827,-113.4128562,42.15205177,"R"
"337","ID-C09-P01","01","ID-C09",261041.6923,4654917.001,-113.8856914,42.01001857,"R"
"338","ID-C09-P13","13","ID-C09",261041.6866,4654173.532,-113.885389,42.0033309,"R"
"339","ID-C09-P14","14","ID-C09",261293.4465,4654173.395,-113.8823527,42.00340601,"R"
"340","ID-C09-P15","15","ID-C09",261545.2075,4654173.259,-113.8793164,42.00348105,"R"
"341","ID-C09-P16","16","ID-C09",261796.9694,4654173.125,-113.8762801,42.00355602,"R"
"342","ID-C09-P09","09","ID-C09",261040.8042,4654421.936,-113.8855007,42.00556508,"R"
"343","ID-C09-P10","10","ID-C09",261292.5634,4654421.801,-113.8824643,42.00564021,"R"
"344","ID-C09-P11","11","ID-C09",261544.3234,4654421.666,-113.8794279,42.00571526,"R"
"345","ID-C09-P12","12","ID-C09",261796.0843,4654421.532,-113.8763915,42.00579025,"R"
"346","ID-C09-P05","05","ID-C09",261039.9212,4654670.342,-113.8856124,42.00779927,"R"
"347","ID-C09-P06","06","ID-C09",261291.6796,4654670.207,-113.8825759,42.00787441,"R"
"348","ID-C09-P07","07","ID-C09",261543.4387,4654670.073,-113.8795394,42.00794948,"R"
"349","ID-C09-P08","08","ID-C09",261795.1988,4654669.94,-113.8765029,42.00802449,"R"
"350","ID-C09-P02","02","ID-C09",261290.7951,4654918.613,-113.8826876,42.01010862,"R"
"351","ID-C09-P03","03","ID-C09",261542.5535,4654918.481,-113.879651,42.01018371,"R"
"352","ID-C09-P04","04","ID-C09",261794.3128,4654918.349,-113.8766144,42.01025873,"R"
"353","ID-C11-P13","13","ID-C11",298784.653,4667750.638,-113.4347509,42.13605258,"R"
"354","ID-C11-P14","14","ID-C11",299029.7577,4667751.101,-113.4317879,42.13611962,"R"
"355","ID-C11-P15","15","ID-C11",299274.8619,4667751.571,-113.4288248,42.13618665,"R"
"356","ID-C11-P16","16","ID-C11",299519.9656,4667752.051,-113.4258618,42.13625369,"R"
"357","ID-C11-P09","09","ID-C11",298784.1417,4667994.836,-113.4348413,42.13824981,"R"
"358","ID-C11-P10","10","ID-C11",299029.2381,4667995.297,-113.4318783,42.13831684,"R"
"359","ID-C11-P11","11","ID-C11",299274.3338,4667995.768,-113.4289152,42.13838388,"R"
"360","ID-C11-P12","12","ID-C11",299519.4289,4667996.247,-113.4259522,42.13845092,"R"
"361","ID-C11-P05","05","ID-C11",298783.6312,4668239.025,-113.4349317,42.14044697,"R"
"362","ID-C11-P06","06","ID-C11",299028.719,4668239.486,-113.4319687,42.140514,"R"
"363","ID-C11-P07","07","ID-C11",299273.8063,4668239.956,-113.4290056,42.14058103,"R"
"364","ID-C11-P08","08","ID-C11",299518.8929,4668240.434,-113.4260426,42.14064806,"R"
"365","ID-C11-P01","01","ID-C11",298783.1211,4668483.205,-113.4350221,42.14264404,"R"
"366","ID-C11-P02","02","ID-C11",299028.2005,4668483.666,-113.4320591,42.14271108,"R"
"367","ID-C11-P03","03","ID-C11",299273.2793,4668484.135,-113.429096,42.14277811,"R"
"368","ID-C11-P04","04","ID-C11",299518.3574,4668484.613,-113.426133,42.14284514,"R"
"369","ID-C12-P13","13","ID-C12",262131.9106,4667138.535,-113.877506,42.12028387,"R"
"370","ID-C12-P14","14","ID-C12",262377.1231,4667137.529,-113.8745429,42.12034914,"R"
"371","ID-C12-P15","15","ID-C12",262622.335,4667136.532,-113.8715798,42.12041442,"R"
"372","ID-C12-P16","16","ID-C12",262867.5464,4667135.543,-113.8686166,42.12047969,"R"
"373","ID-C12-P09","09","ID-C12",262132.8636,4667382.84,-113.877594,42.1224817,"R"
"374","ID-C12-P10","10","ID-C12",262378.0676,4667381.833,-113.8746309,42.12254697,"R"
"375","ID-C12-P11","11","ID-C12",262623.2711,4667380.835,-113.8716678,42.12261224,"R"
"376","ID-C12-P12","12","ID-C12",262868.474,4667379.846,-113.8687046,42.12267751,"R"
"377","ID-C12-P05","05","ID-C12",262133.8172,4667627.136,-113.877682,42.12467946,"R"
"378","ID-C12-P06","06","ID-C12",262379.0127,4667626.129,-113.8747189,42.12474473,"R"
"379","ID-C12-P07","07","ID-C12",262624.2077,4667625.13,-113.8717558,42.12481,"R"
"380","ID-C12-P08","08","ID-C12",262869.4021,4667624.14,-113.8687926,42.12487526,"R"
"381","ID-C12-P01","01","ID-C12",262134.7714,4667871.423,-113.87777,42.12687714,"R"
"382","ID-C12-P02","02","ID-C12",262379.9585,4667870.416,-113.8748069,42.1269424,"R"
"383","ID-C12-P03","03","ID-C12",262625.1449,4667869.417,-113.8718438,42.12700767,"R"
"384","ID-C12-P04","04","ID-C12",262870.3309,4667868.426,-113.8688806,42.12707294,"R"
"385","ID-C13-P13","13","ID-C13",246602.6857,4676268.907,-114.0690799,42.19753557,"R"
"386","ID-C13-P14","14","ID-C13",246847.0364,4676251.933,-114.0661171,42.19746202,"R"
"387","ID-C13-P15","15","ID-C13",247091.3875,4676234.968,-114.0631543,42.19738847,"R"
"388","ID-C13-P16","16","ID-C13",247335.7392,4676218.01,-114.0601916,42.19731492,"R"
"389","ID-C13-P09","09","ID-C13",246619.6615,4676512.351,-114.0689806,42.19973046,"R"
"390","ID-C13-P10","10","ID-C13",246864.0037,4676495.377,-114.0660178,42.19965691,"R"
"391","ID-C13-P11","11","ID-C13",247108.3464,4676478.412,-114.0630551,42.19958336,"R"
"392","ID-C13-P12","12","ID-C13",247352.6896,4676461.455,-114.0600923,42.19950981,"R"
"393","ID-C13-P05","05","ID-C13",246636.6371,4676755.786,-114.0688813,42.20192527,"R"
"394","ID-C13-P06","06","ID-C13",246880.9707,4676738.813,-114.0659186,42.20185172,"R"
"395","ID-C13-P07","07","ID-C13",247125.3048,4676721.848,-114.0629558,42.20177818,"R"
"396","ID-C13-P08","08","ID-C13",247369.6396,4676704.892,-114.059993,42.20170463,"R"
"397","ID-C13-P01","01","ID-C13",246653.6119,4676999.213,-114.0687821,42.20412001,"R"
"398","ID-C13-P02","02","ID-C13",246897.9371,4676982.24,-114.0658193,42.20404646,"R"
"399","ID-C13-P03","03","ID-C13",247142.2628,4676965.276,-114.0628565,42.20397292,"R"
"400","ID-C13-P04","04","ID-C13",247386.589,4676948.32,-114.0598937,42.20389937,"R"
"401","ID-C15-P13","13","ID-C15",261743.4389,4668243.131,-113.8826504,42.13010187,"R"
"402","ID-C15-P14","14","ID-C15",261988.6158,4668242.977,-113.8796876,42.13017494,"R"
"403","ID-C15-P15","15","ID-C15",262233.7922,4668242.831,-113.8767248,42.13024802,"R"
"404","ID-C15-P16","16","ID-C15",262478.9679,4668242.695,-113.873762,42.13032109,"R"
"405","ID-C15-P09","09","ID-C15",261743.5366,4668487.4,-113.8827489,42.13229912,"R"
"406","ID-C15-P10","10","ID-C15",261988.7051,4668487.246,-113.8797861,42.13237219,"R"
"407","ID-C15-P11","11","ID-C15",262233.8731,4668487.1,-113.8768233,42.13244526,"R"
"408","ID-C15-P12","12","ID-C15",262479.0403,4668486.963,-113.8738605,42.13251833,"R"
"409","ID-C15-P05","05","ID-C15",261743.635,4668731.662,-113.8828475,42.13449629,"R"
"410","ID-C15-P06","06","ID-C15",261988.795,4668731.507,-113.8798847,42.13456936,"R"
"411","ID-C15-P07","07","ID-C15",262233.9545,4668731.36,-113.8769219,42.13464242,"R"
"412","ID-C15-P08","08","ID-C15",262479.1132,4668731.222,-113.8739591,42.13471549,"R"
"413","ID-C15-P01","01","ID-C15",261743.734,4668975.915,-113.882946,42.13669338,"R"
"414","ID-C15-P02","02","ID-C15",261988.8856,4668975.759,-113.8799832,42.13676645,"R"
"415","ID-C15-P03","03","ID-C15",262234.0366,4668975.612,-113.8770204,42.13683951,"R"
"416","ID-C15-P04","04","ID-C15",262479.1868,4668975.473,-113.8740576,42.13691258,"R"
"417","ID-C16-P13","13","ID-C16",255491.9808,4679033.426,-113.9627203,42.22522925,"R"
"418","ID-C16-P14","14","ID-C16",255736.7988,4679034.012,-113.9597579,42.22531107,"R"
"419","ID-C16-P15","15","ID-C16",255981.6161,4679034.607,-113.9567956,42.2253929,"R"
"420","ID-C16-P16","16","ID-C16",256226.4326,4679035.211,-113.9538332,42.22547472,"R"
"421","ID-C16-P09","09","ID-C16",255491.334,4679277.341,-113.9628308,42.22742288,"R"
"422","ID-C16-P10","10","ID-C16",255736.1435,4679277.926,-113.9598684,42.2275047,"R"
"423","ID-C16-P11","11","ID-C16",255980.9524,4679278.521,-113.9569061,42.22758652,"R"
"424","ID-C16-P12","12","ID-C16",256225.7604,4679279.123,-113.9539437,42.22766834,"R"
"425","ID-C16-P05","05","ID-C16",255490.688,4679521.247,-113.9629413,42.22961643,"R"
"426","ID-C16-P06","06","ID-C16",255735.4889,4679521.832,-113.9599789,42.22969825,"R"
"427","ID-C16-P07","07","ID-C16",255980.2894,4679522.426,-113.9570165,42.22978007,"R"
"428","ID-C16-P08","08","ID-C16",256225.089,4679523.028,-113.9540542,42.22986189,"R"
"429","ID-C16-P01","01","ID-C16",255490.0426,4679765.146,-113.9630518,42.23180991,"R"
"430","ID-C16-P02","02","ID-C16",255734.8351,4679765.73,-113.9600894,42.23189173,"R"
"431","ID-C16-P03","03","ID-C16",255979.627,4679766.323,-113.957127,42.23197354,"R"
"432","ID-C16-P04","04","ID-C16",256224.4182,4679766.924,-113.9541647,42.23205536,"R"
"433","ID-C19-P13","13","ID-C19",248773.589,4677009.432,-114.0431425,42.20489571,"R"
"434","ID-C19-P14","14","ID-C19",249017.9396,4676992.92,-114.0401796,42.20482565,"R"
"435","ID-C19-P15","15","ID-C19",249262.2908,4676976.417,-114.0372167,42.2047556,"R"
"436","ID-C19-P16","16","ID-C19",249506.6424,4676959.922,-114.0342538,42.20468555,"R"
"437","ID-C19-P09","09","ID-C19",248790.1013,4677252.876,-114.043048,42.20709045,"R"
"438","ID-C19-P10","10","ID-C19",249034.4435,4677236.365,-114.040085,42.2070204,"R"
"439","ID-C19-P11","11","ID-C19",249278.7861,4677219.862,-114.0371221,42.20695035,"R"
"440","ID-C19-P12","12","ID-C19",249523.1292,4677203.367,-114.0341592,42.2068803,"R"
"441","ID-C19-P05","05","ID-C19",248806.6133,4677496.311,-114.0429534,42.20928512,"R"
"442","ID-C19-P06","06","ID-C19",249050.9469,4677479.8,-114.0399905,42.20921507,"R"
"443","ID-C19-P07","07","ID-C19",249295.281,4677463.298,-114.0370275,42.20914502,"R"
"444","ID-C19-P08","08","ID-C19",249539.6157,4677446.805,-114.0340646,42.20907498,"R"
"445","ID-C19-P01","01","ID-C19",248823.1246,4677739.738,-114.0428588,42.21147971,"R"
"446","ID-C19-P02","02","ID-C19",249067.4498,4677723.228,-114.0398959,42.21140967,"R"
"447","ID-C19-P03","03","ID-C19",249311.7754,4677706.726,-114.036933,42.21133962,"R"
"448","ID-C19-P04","04","ID-C19",249556.1015,4677690.233,-114.03397,42.21126957,"R"
"449","ID-C21-P13","13","ID-C21",334119.3722,4653763.52,-113.0035099,42.01842967,"R"
"450","ID-C21-P14","14","ID-C21",334364.8916,4653763.43,-113.0005463,42.01848057,"R"
"451","ID-C21-P15","15","ID-C21",334610.4106,4653763.349,-112.9975827,42.01853148,"R"
"452","ID-C21-P16","16","ID-C21",334855.9292,4653763.277,-112.994619,42.01858238,"R"
"453","ID-C21-P09","09","ID-C21",334119.4239,4654008.126,-113.0035785,42.02063141,"R"
"454","ID-C21-P10","10","ID-C21",334364.9349,4654008.036,-113.0006148,42.02068231,"R"
"455","ID-C21-P11","11","ID-C21",334610.4454,4654007.955,-112.9976512,42.02073321,"R"
"456","ID-C21-P12","12","ID-C21",334855.9554,4654007.882,-112.9946875,42.02078412,"R"
"457","ID-C21-P05","05","ID-C21",334119.476,4654252.725,-113.003647,42.02283308,"R"
"458","ID-C21-P06","06","ID-C21",334364.9785,4654252.634,-113.0006833,42.02288398,"R"
"459","ID-C21-P07","07","ID-C21",334610.4806,4654252.552,-112.9977197,42.02293488,"R"
"460","ID-C21-P08","08","ID-C21",334855.9822,4654252.479,-112.994756,42.02298578,"R"
"461","ID-C21-P01","01","ID-C21",334119.5286,4654497.314,-113.0037155,42.02503467,"R"
"462","ID-C21-P02","02","ID-C21",334365.0226,4654497.224,-113.0007519,42.02508557,"R"
"463","ID-C21-P03","03","ID-C21",334610.5162,4654497.141,-112.9977882,42.02513647,"R"
"464","ID-C21-P04","04","ID-C21",334856.0094,4654497.067,-112.9948246,42.02518737,"R"
"465","ID-C22-P13","13","ID-C22",338651.2019,4662209.849,-112.9511325,42.0954002,"R"
"466","ID-C22-P14","14","ID-C22",338896.4199,4662210.391,-112.948169,42.09545545,"R"
"467","ID-C22-P15","15","ID-C22",339141.6374,4662210.942,-112.9452055,42.0955107,"R"
"468","ID-C22-P16","16","ID-C22",339386.8545,4662211.501,-112.942242,42.09556595,"R"
"469","ID-C22-P09","09","ID-C22",338650.6209,4662454.158,-112.951207,42.09759917,"R"
"470","ID-C22-P10","10","ID-C22",338895.8304,4662454.699,-112.9482435,42.09765442,"R"
"471","ID-C22-P11","11","ID-C22",339141.0395,4662455.249,-112.94528,42.09770966,"R"
"472","ID-C22-P12","12","ID-C22",339386.2481,4662455.808,-112.9423165,42.09776491,"R"
"473","ID-C22-P05","05","ID-C22",338650.0405,4662698.458,-112.9512814,42.09979807,"R"
"474","ID-C22-P06","06","ID-C22",338895.2415,4662698.999,-112.9483179,42.09985331,"R"
"475","ID-C22-P07","07","ID-C22",339140.4421,4662699.549,-112.9453544,42.09990856,"R"
"476","ID-C22-P08","08","ID-C22",339385.6422,4662700.107,-112.9423909,42.0999638,"R"
"477","ID-C22-P01","01","ID-C22",338649.4605,4662942.75,-112.9513559,42.10199688,"R"
"478","ID-C22-P02","02","ID-C22",338894.653,4662943.29,-112.9483924,42.10205213,"R"
"479","ID-C22-P03","03","ID-C22",339139.8452,4662943.839,-112.9454289,42.10210737,"R"
"480","ID-C22-P04","04","ID-C22",339385.0368,4662944.397,-112.9424654,42.10216261,"R"
"481","ID-C23-P13","13","ID-C23",322084.8363,4656843.176,-113.1497011,42.04351905,"R"
"482","ID-C23-P14","14","ID-C23",322330.2708,4656843.775,-113.1467378,42.04357993,"R"
"483","ID-C23-P15","15","ID-C23",322575.7047,4656844.383,-113.1437745,42.04364082,"R"
"484","ID-C23-P16","16","ID-C23",322821.1382,4656844.999,-113.1408112,42.0437017,"R"
"485","ID-C23-P09","09","ID-C23",322084.1936,4657087.699,-113.1497831,42.04571967,"R"
"486","ID-C23-P10","10","ID-C23",322329.6196,4657088.298,-113.1468198,42.04578055,"R"
"487","ID-C23-P11","11","ID-C23",322575.0451,4657088.905,-113.1438565,42.04584143,"R"
"488","ID-C23-P12","12","ID-C23",322820.47,4657089.521,-113.1408932,42.04590232,"R"
"489","ID-C23-P05","05","ID-C23",322083.5516,4657332.214,-113.1498651,42.04792021,"R"
"490","ID-C23-P06","06","ID-C23",322328.969,4657332.812,-113.1469018,42.04798109,"R"
"491","ID-C23-P07","07","ID-C23",322574.386,4657333.418,-113.1439385,42.04804197,"R"
"492","ID-C23-P08","08","ID-C23",322819.8025,4657334.034,-113.1409752,42.04810285,"R"
"493","ID-C23-P01","01","ID-C23",322082.9099,4657576.72,-113.1499471,42.05012068,"R"
"494","ID-C23-P02","02","ID-C23",322328.3189,4657577.317,-113.1469838,42.05018156,"R"
"495","ID-C23-P03","03","ID-C23",322573.7275,4657577.924,-113.1440205,42.05024244,"R"
"496","ID-C23-P04","04","ID-C23",322819.1354,4657578.538,-113.1410572,42.05030332,"R"
"497","ID-C24-P13","13","ID-C24",335631.3352,4656760.289,-112.9860991,42.04572141,"R"
"498","ID-C24-P14","14","ID-C24",335876.7472,4656759.565,-112.9831353,42.04576615,"R"
"499","ID-C24-P15","15","ID-C24",336122.1588,4656758.849,-112.9801714,42.0458109,"R"
"500","ID-C24-P16","16","ID-C24",336367.57,4656758.142,-112.9772076,42.04585564,"R"
"501","ID-C24-P09","09","ID-C24",335632.0245,4657004.789,-112.9861593,42.04792234,"R"
"502","ID-C24-P10","10","ID-C24",335877.428,4657004.065,-112.9831955,42.04796709,"R"
"503","ID-C24-P11","11","ID-C24",336122.8312,4657003.348,-112.9802317,42.04801183,"R"
"504","ID-C24-P12","12","ID-C24",336368.2339,4657002.64,-112.9772679,42.04805657,"R"
"505","ID-C24-P05","05","ID-C24",335632.7142,4657249.281,-112.9862196,42.0501232,"R"
"506","ID-C24-P06","06","ID-C24",335878.1093,4657248.556,-112.9832558,42.05016794,"R"
"507","ID-C24-P07","07","ID-C24",336123.5039,4657247.839,-112.9802919,42.05021268,"R"
"508","ID-C24-P08","08","ID-C24",336368.8982,4657247.131,-112.9773281,42.05025742,"R"
"509","ID-C24-P01","01","ID-C24",335633.4043,4657493.764,-112.9862798,42.05232398,"R"
"510","ID-C24-P02","02","ID-C24",335878.7908,4657493.039,-112.983316,42.05236872,"R"
"511","ID-C24-P03","03","ID-C24",336124.177,4657492.322,-112.9803522,42.05241346,"R"
"512","ID-C24-P04","04","ID-C24",336369.5628,4657491.613,-112.9773884,42.0524582,"R"
"513","ID-C26-P13","13","ID-C26",256526.6294,4676301.761,-113.9490554,42.20098262,"R"
"514","ID-C26-P14","14","ID-C26",256771.5362,4676303.121,-113.9460933,42.20107105,"R"
"515","ID-C26-P15","15","ID-C26",257016.4423,4676304.49,-113.9431313,42.20115947,"R"
"516","ID-C26-P16","16","ID-C26",257261.3476,4676305.868,-113.9401693,42.2012479,"R"
"517","ID-C26-P09","09","ID-C26",256525.206,4676545.764,-113.9491747,42.20317684,"R"
"518","ID-C26-P10","10","ID-C26",256770.1044,4676547.124,-113.9462127,42.20326526,"R"
"519","ID-C26-P11","11","ID-C26",257015.002,4676548.492,-113.9432507,42.20335369,"R"
"520","ID-C26-P12","12","ID-C26",257259.8988,4676549.869,-113.9402886,42.20344211,"R"
"521","ID-C26-P05","05","ID-C26",256523.7834,4676789.758,-113.9492941,42.20537098,"R"
"522","ID-C26-P06","06","ID-C26",256768.6733,4676791.117,-113.9463321,42.2054594,"R"
"523","ID-C26-P07","07","ID-C26",257013.5624,4676792.485,-113.94337,42.20554782,"R"
"524","ID-C26-P08","08","ID-C26",257258.4508,4676793.861,-113.940408,42.20563624,"R"
"525","ID-C26-P01","01","ID-C26",256522.3615,4677033.745,-113.9494135,42.20756505,"R"
"526","ID-C26-P02","02","ID-C26",256767.2429,4677035.103,-113.9464514,42.20765346,"R"
"527","ID-C26-P03","03","ID-C26",257012.1236,4677036.47,-113.9434894,42.20774188,"R"
"528","ID-C26-P04","04","ID-C26",257257.0035,4677037.845,-113.9405274,42.2078303,"R"
"529","ID-C28-P13","13","ID-C28",271671.7659,4663363.005,-113.7607596,42.08915418,"R"
"530","ID-C28-P14","14","ID-C28",271917.0847,4663363.966,-113.7577971,42.08923412,"R"
"531","ID-C28-P15","15","ID-C28",272162.4029,4663364.936,-113.7548347,42.08931406,"R"
"532","ID-C28-P16","16","ID-C28",272407.7204,4663365.914,-113.7518722,42.089394,"R"
"533","ID-C28-P09","09","ID-C28",271670.747,4663607.415,-113.7608673,42.0913526,"R"
"534","ID-C28-P10","10","ID-C28",271916.0573,4663608.375,-113.7579049,42.09143255,"R"
"535","ID-C28-P11","11","ID-C28",272161.367,4663609.345,-113.7549424,42.09151249,"R"
"536","ID-C28-P12","12","ID-C28",272406.676,4663610.322,-113.7519799,42.09159242,"R"
"537","ID-C28-P05","05","ID-C28",271669.7287,4663851.816,-113.7609751,42.09355096,"R"
"538","ID-C28-P06","06","ID-C28",271915.0305,4663852.776,-113.7580126,42.09363089,"R"
"539","ID-C28-P07","07","ID-C28",272160.3318,4663853.745,-113.7550501,42.09371083,"R"
"540","ID-C28-P08","08","ID-C28",272405.6323,4663854.722,-113.7520876,42.09379077,"R"
"541","ID-C28-P01","01","ID-C28",271668.7111,4664096.209,-113.7610828,42.09574923,"R"
"542","ID-C28-P02","02","ID-C28",271914.0045,4664097.169,-113.7581203,42.09582917,"R"
"543","ID-C28-P03","03","ID-C28",272159.2972,4664098.137,-113.7551578,42.0959091,"R"
"544","ID-C28-P04","04","ID-C28",272404.5893,4664099.113,-113.7521953,42.09598903,"R"
"545","ID-C29-P13","13","ID-C29",282169.8522,4683756.427,-113.6415907,42.27561267,"R"
"546","ID-C29-P14","14","ID-C29",282419.8522,4683756.427,-113.6385621,42.27568244,"R"
"547","ID-C29-P15","15","ID-C29",282669.8522,4683756.427,-113.6355335,42.27575213,"R"
"548","ID-C29-P16","16","ID-C29",282919.8522,4683756.427,-113.6325049,42.27582173,"R"
"549","ID-C29-P09","09","ID-C29",282169.8522,4684006.427,-113.6416847,42.27786184,"R"
"550","ID-C29-P10","10","ID-C29",282419.8522,4684006.427,-113.638656,42.27793161,"R"
"551","ID-C29-P11","11","ID-C29",282669.8522,4684006.427,-113.6356273,42.2780013,"R"
"552","ID-C29-P12","12","ID-C29",282919.8522,4684006.427,-113.6325986,42.27807091,"R"
"553","ID-C29-P05","05","ID-C29",282169.8522,4684256.427,-113.6417787,42.280111,"R"
"554","ID-C29-P06","06","ID-C29",282419.8522,4684256.427,-113.6387499,42.28018077,"R"
"555","ID-C29-P07","07","ID-C29",282669.8522,4684256.427,-113.6357211,42.28025047,"R"
"556","ID-C29-P08","08","ID-C29",282919.8522,4684256.427,-113.6326923,42.28032009,"R"
"557","ID-C29-P01","01","ID-C29",282169.8522,4684506.427,-113.6418727,42.28236015,"R"
"558","ID-C29-P02","02","ID-C29",282419.8522,4684506.427,-113.6388438,42.28242994,"R"
"559","ID-C29-P03","03","ID-C29",282669.8522,4684506.427,-113.6358149,42.28249964,"R"
"560","ID-C29-P04","04","ID-C29",282919.8522,4684506.427,-113.632786,42.28256926,"R"
"561","ID-C30-P13","13","ID-C30",291169.8522,4689756.427,-113.5347213,42.33205812,"R"
"562","ID-C30-P14","14","ID-C30",291419.8522,4689756.427,-113.5316897,42.33212513,"R"
"563","ID-C30-P15","15","ID-C30",291669.8522,4689756.427,-113.5286582,42.33219207,"R"
"564","ID-C30-P16","16","ID-C30",291919.8522,4689756.427,-113.5256266,42.33225892,"R"
"565","ID-C30-P09","09","ID-C30",291169.8522,4690006.427,-113.5348117,42.33430745,"R"
"566","ID-C30-P10","10","ID-C30",291419.8522,4690006.427,-113.53178,42.33437447,"R"
"567","ID-C30-P11","11","ID-C30",291669.8522,4690006.427,-113.5287484,42.33444141,"R"
"568","ID-C30-P12","12","ID-C30",291919.8522,4690006.427,-113.5257167,42.33450827,"R"
"569","ID-C30-P05","05","ID-C30",291169.8522,4690256.427,-113.534902,42.33655677,"R"
"570","ID-C30-P06","06","ID-C30",291419.8522,4690256.427,-113.5318703,42.3366238,"R"
"571","ID-C30-P07","07","ID-C30",291669.8522,4690256.427,-113.5288385,42.33669075,"R"
"572","ID-C30-P08","08","ID-C30",291919.8522,4690256.427,-113.5258068,42.33675761,"R"
"573","ID-C30-P01","01","ID-C30",291169.8522,4690506.427,-113.5349924,42.3388061,"R"
"574","ID-C30-P02","02","ID-C30",291419.8522,4690506.427,-113.5319606,42.33887313,"R"
"575","ID-C30-P03","03","ID-C30",291669.8522,4690506.427,-113.5289287,42.33894008,"R"
"576","ID-C30-P04","04","ID-C30",291919.8522,4690506.427,-113.5258968,42.33900695,"R"
"577","UT-B01-P16","16","UT-B01",273880.4573,4601131.146,-113.7103618,41.52990678,"B"
"578","UT-B01-P13","13","UT-B01",273127.5604,4601129.155,-113.7193758,41.5296759,"B"
"579","UT-B01-P14","14","UT-B01",273379.4424,4601129.539,-113.71636,41.52975068,"B"
"580","UT-B01-P15","15","UT-B01",273631.3254,4601129.925,-113.7133443,41.5298254,"B"
"581","UT-B01-P09","09","UT-B01",273126.0687,4601377.396,-113.7194872,41.53190895,"B"
"582","UT-B01-P10","10","UT-B01",273377.9501,4601377.781,-113.7164714,41.53198375,"B"
"583","UT-B01-P11","11","UT-B01",273629.8322,4601378.167,-113.7134556,41.53205848,"B"
"584","UT-B01-P12","12","UT-B01",273881.7153,4601378.554,-113.7104397,41.53213314,"B"
"585","UT-B01-P05","05","UT-B01",273124.5766,4601625.637,-113.7195987,41.53414201,"B"
"586","UT-B01-P06","06","UT-B01",273376.4571,4601626.023,-113.7165828,41.53421683,"B"
"587","UT-B01-P07","07","UT-B01",273628.3384,4601626.41,-113.7135669,41.53429157,"B"
"588","UT-B01-P08","08","UT-B01",273880.2208,4601626.799,-113.7105509,41.53436625,"B"
"589","UT-B01-P01","01","UT-B01",273123.0839,4601873.878,-113.7197102,41.53637508,"B"
"590","UT-B01-P02","02","UT-B01",273374.9636,4601874.265,-113.7166942,41.53644991,"B"
"591","UT-B01-P03","03","UT-B01",273626.8442,4601874.654,-113.7136782,41.53652467,"B"
"592","UT-B01-P04","04","UT-B01",273878.7258,4601875.043,-113.7106621,41.53659936,"B"
"593","UT-B02-P10","10","UT-B02",281050.4305,4601865.239,-113.6247752,41.53850488,"B"
"594","UT-B02-P09","09","UT-B02",281028.2284,4602112.499,-113.6251311,41.54072364,"B"
"595","UT-B02-P08","08","UT-B02",281006.0263,4602359.759,-113.6254871,41.54294239,"B"
"596","UT-B02-P05","05","UT-B02",280732.8603,4602585.766,-113.6288411,41.54490119,"B"
"597","UT-B02-P06","06","UT-B02",280983.8241,4602607.021,-113.625843,41.54516115,"B"
"598","UT-B02-P07","07","UT-B02",281234.7881,4602628.276,-113.6228449,41.54542105,"B"
"599","UT-B02-P02","02","UT-B02",280710.659,4602833.028,-113.6291972,41.54711993,"B"
"600","UT-B02-P03","03","UT-B02",280961.6221,4602854.282,-113.626199,41.54737991,"B"
"601","UT-B02-P04","04","UT-B02",281212.5854,4602875.538,-113.6232009,41.54763982,"B"
"602","UT-B02-P01","01","UT-B02",280939.4203,4603101.545,-113.6265551,41.54959867,"B"
"603","UT-B05-P04","04","UT-B05",254707.8721,4604085.857,-113.9410968,41.55084282,"B"
"604","UT-B05-P13","13","UT-B05",253952.9612,4603338.941,-113.9498311,41.54389223,"B"
"605","UT-B05-P14","14","UT-B05",254204.8669,4603337.902,-113.9468145,41.54396027,"B"
"606","UT-B05-P15","15","UT-B05",254456.7735,4603336.863,-113.9437978,41.54402825,"B"
"607","UT-B05-P16","16","UT-B05",254708.681,4603335.825,-113.9407811,41.54409616,"B"
"608","UT-B05-P09","09","UT-B05",253952.8686,4603587.225,-113.9499338,41.54612561,"B"
"609","UT-B05-P10","10","UT-B05",254204.7735,4603586.186,-113.9469171,41.54619367,"B"
"610","UT-B05-P11","11","UT-B05",254456.6794,4603585.148,-113.9439003,41.54626166,"B"
"611","UT-B05-P12","12","UT-B05",254708.5862,4603584.111,-113.9408835,41.54632959,"B"
"612","UT-B05-P05","05","UT-B05",253952.7755,4603835.508,-113.9500365,41.548359,"B"
"613","UT-B05-P06","06","UT-B05",254204.6796,4603834.47,-113.9470197,41.54842707,"B"
"614","UT-B05-P07","07","UT-B05",254456.5846,4603833.434,-113.9440029,41.54849508,"B"
"615","UT-B05-P08","08","UT-B05",254708.4906,4603832.398,-113.940986,41.54856302,"B"
"616","UT-B05-P01","01","UT-B05",253952.6817,4604083.792,-113.9501393,41.55059239,"B"
"617","UT-B05-P02","02","UT-B05",254204.5852,4604082.755,-113.9471224,41.55066048,"B"
"618","UT-B05-P03","03","UT-B05",254456.4894,4604081.72,-113.9441054,41.5507285,"B"
"619","UT-B06-P13","13","UT-B06",253699.9597,4597319.51,-113.9503982,41.4896669,"B"
"620","UT-B06-P14","14","UT-B06",253951.8784,4597318.344,-113.9473839,41.48973374,"B"
"621","UT-B06-P15","15","UT-B06",254203.7979,4597317.178,-113.9443695,41.48980051,"B"
"622","UT-B06-P16","16","UT-B06",254455.7183,4597316.014,-113.9413551,41.48986722,"B"
"623","UT-B06-P09","09","UT-B06",253699.9815,4597567.777,-113.9504994,41.49190019,"B"
"624","UT-B06-P10","10","UT-B06",253951.8993,4597566.612,-113.9474849,41.49196704,"B"
"625","UT-B06-P11","11","UT-B06",254203.8181,4597565.447,-113.9444705,41.49203384,"B"
"626","UT-B06-P12","12","UT-B06",254455.7377,4597564.284,-113.941456,41.49210056,"B"
"627","UT-B06-P05","05","UT-B06",253700.0026,4597816.044,-113.9506005,41.49413348,"B"
"628","UT-B06-P06","06","UT-B06",253951.9197,4597814.88,-113.947586,41.49420035,"B"
"629","UT-B06-P07","07","UT-B06",254203.8377,4597813.716,-113.9445715,41.49426716,"B"
"630","UT-B06-P08","08","UT-B06",254455.7566,4597812.554,-113.9415569,41.49433389,"B"
"631","UT-B06-P01","01","UT-B06",253700.0231,4598064.311,-113.9507017,41.49636677,"B"
"632","UT-B06-P02","02","UT-B06",253951.9394,4598063.148,-113.9476871,41.49643366,"B"
"633","UT-B06-P03","03","UT-B06",254203.8567,4598061.986,-113.9446725,41.49650048,"B"
"634","UT-B06-P04","04","UT-B06",254455.7748,4598060.825,-113.9416578,41.49656724,"B"
"635","UT-B08-P13","13","UT-B08",249714.3823,4629208.375,-114.0114109,41.77526807,"B"
"636","UT-B08-P14","14","UT-B08",249966.2215,4629207.233,-114.0083843,41.77533715,"B"
"637","UT-B08-P15","15","UT-B08",250218.0616,4629206.092,-114.0053578,41.77540616,"B"
"638","UT-B08-P16","16","UT-B08",250469.9026,4629204.952,-114.0023312,41.7754751,"B"
"639","UT-B08-P09","09","UT-B08",249714.4363,4629456.725,-114.0115148,41.77750189,"B"
"640","UT-B08-P10","10","UT-B08",249966.2747,4629455.584,-114.0084882,41.77757098,"B"
"641","UT-B08-P11","11","UT-B08",250218.114,4629454.444,-114.0054615,41.77764,"B"
"642","UT-B08-P12","12","UT-B08",250469.9543,4629453.305,-114.0024348,41.77770896,"B"
"643","UT-B08-P05","05","UT-B08",249714.4899,4629705.075,-114.0116188,41.7797357,"B"
"644","UT-B08-P06","06","UT-B08",249966.3275,4629703.935,-114.008592,41.77980481,"B"
"645","UT-B08-P07","07","UT-B08",250218.1659,4629702.797,-114.0055653,41.77987385,"B"
"646","UT-B08-P08","08","UT-B08",250470.0053,4629701.659,-114.0025385,41.77994282,"B"
"647","UT-B08-P02","02","UT-B08",249966.3796,4629952.288,-114.0086959,41.78203865,"B"
"648","UT-B08-P03","03","UT-B08",250218.2172,4629951.15,-114.0056691,41.78210771,"B"
"649","UT-B08-P04","04","UT-B08",250470.0558,4629950.013,-114.0026422,41.78217669,"B"
"650","UT-B08-P01","01","UT-B08",249714.9572,4629951.232,-114.0117168,41.78194992,"B"
"651","UT-B15-P03","03","UT-B15",253391.9325,4637782.696,-113.9707858,41.85354358,"B"
"652","UT-B15-P04","04","UT-B15",253650.1199,4637781.163,-113.9676789,41.85361017,"B"
"653","UT-B15-P13","13","UT-B15",252897.7137,4637036.99,-113.9764205,41.84668208,"B"
"654","UT-B15-P14","14","UT-B15",253149.5354,4637037.595,-113.9733914,41.84676605,"B"
"655","UT-B15-P15","15","UT-B15",253401.3581,4637038.2,-113.9703623,41.84684994,"B"
"656","UT-B15-P16","16","UT-B15",253653.1816,4637038.807,-113.9673332,41.84693378,"B"
"657","UT-B15-P09","09","UT-B15",252896.0514,4637285.359,-113.9765441,41.84891557,"B"
"658","UT-B15-P10","10","UT-B15",253147.8723,4637285.965,-113.9735149,41.84899955,"B"
"659","UT-B15-P11","11","UT-B15",253399.6943,4637286.571,-113.9704858,41.84908347,"B"
"660","UT-B15-P12","12","UT-B15",253650.9717,4637278.196,-113.9674594,41.84908634,"B"
"661","UT-B15-P06","06","UT-B15",253146.2091,4637534.335,-113.9736385,41.85123307,"B"
"662","UT-B15-P07","07","UT-B15",253398.03,4637534.943,-113.9706092,41.851317,"B"
"663","UT-B15-P08","08","UT-B15",253649.8518,4637535.552,-113.9675799,41.85140086,"B"
"664","UT-B15-P01","01","UT-B15",252892.7255,4637782.099,-113.9767914,41.85338257,"B"
"665","UT-B15-P02","02","UT-B15",253144.5449,4637782.706,-113.9737621,41.85346659,"B"
"666","UT-B15-P05","05","UT-B15",252894.3888,4637533.729,-113.9766678,41.85114907,"B"
"667","UT-B16-P15","15","UT-B16",252762.3388,4638949.99,-113.978848,41.8638467,"B"
"668","UT-B16-P16","16","UT-B16",253014.1497,4638949.587,-113.9758179,41.86392169,"B"
"669","UT-B16-P09","09","UT-B16",252258.0633,4639199.168,-113.9850202,41.86593028,"B"
"670","UT-B16-P10","10","UT-B16",252509.8717,4639198.764,-113.9819899,41.86600543,"B"
"671","UT-B16-P11","11","UT-B16",252761.681,4639198.362,-113.9789597,41.86608051,"B"
"672","UT-B16-P12","12","UT-B16",253013.491,4639197.96,-113.9759295,41.86615553,"B"
"673","UT-B16-P05","05","UT-B16",252257.4066,4639447.538,-113.9851321,41.86816407,"B"
"674","UT-B16-P06","06","UT-B16",252509.2141,4639447.135,-113.9821018,41.86823924,"B"
"675","UT-B16-P07","07","UT-B16",252761.0224,4639446.734,-113.9790714,41.86831433,"B"
"676","UT-B16-P08","08","UT-B16",253012.8317,4639446.333,-113.9760411,41.86838936,"B"
"677","UT-B16-P01","01","UT-B16",252256.7492,4639695.909,-113.985244,41.87039787,"B"
"678","UT-B16-P02","02","UT-B16",252508.5559,4639695.507,-113.9822136,41.87047305,"B"
"679","UT-B16-P03","03","UT-B16",252760.3634,4639695.106,-113.9791832,41.87054816,"B"
"680","UT-B16-P04","04","UT-B16",253012.1719,4639694.706,-113.9761528,41.8706232,"B"
"681","UT-B16-P13","13","UT-B16",252515.41,4638948.341,-113.9818185,41.86375469,"B"
"682","UT-B16-P14","14","UT-B16",252257.4349,4638949.524,-113.9849232,41.86368462,"B"
"683","UT-B17-P11","11","UT-B17",282936.2939,4640954.538,-113.616425,41.89073462,"B"
"684","UT-B17-P10","10","UT-B17",282894.0481,4641199.293,-113.6170237,41.89292519,"B"
"685","UT-B17-P08","08","UT-B17",282851.8028,4641444.049,-113.6176224,41.89511576,"B"
"686","UT-B17-P09","09","UT-B17",283100.0901,4641485.543,-113.6146477,41.89555726,"B"
"687","UT-B17-P06","06","UT-B17",282809.5585,4641688.805,-113.6182211,41.89730633,"B"
"688","UT-B17-P07","07","UT-B17",283057.845,4641730.299,-113.6152463,41.89774785,"B"
"689","UT-B17-P03","03","UT-B17",282767.3147,4641933.563,-113.6188199,41.8994969,"B"
"690","UT-B17-P04","04","UT-B17",283015.6008,4641975.057,-113.615845,41.89993844,"B"
"691","UT-B17-P05","05","UT-B17",283263.886,4642016.551,-113.61287,41.9003799,"B"
"692","UT-B17-P02","02","UT-B17",283221.642,4642261.309,-113.6134687,41.90257051,"B"
"693","UT-B17-P01","01","UT-B17",283427.6821,4642547.562,-113.6110922,41.90520254,"B"
"694","UT-B19-P13","13","UT-B19",276879.6916,4650921.225,-113.693125,41.97871722,"B"
"695","UT-B19-P14","14","UT-B19",277131.4354,4650921.307,-113.6900897,41.97878917,"B"
"696","UT-B19-P15","15","UT-B19",277383.18,4650921.39,-113.6870543,41.97886106,"B"
"697","UT-B19-P16","16","UT-B19",277634.9257,4650921.474,-113.6840189,41.97893288,"B"
"698","UT-B19-P09","09","UT-B19",276878.5996,4651169.593,-113.6932324,41.98095141,"B"
"699","UT-B19-P10","10","UT-B19",277130.3425,4651169.676,-113.690197,41.98102338,"B"
"700","UT-B19-P11","11","UT-B19",277382.0865,4651169.76,-113.6871615,41.98109528,"B"
"701","UT-B19-P12","12","UT-B19",277633.8312,4651169.845,-113.684126,41.98116711,"B"
"702","UT-B19-P05","05","UT-B19",276877.507,4651417.961,-113.6933398,41.9831856,"B"
"703","UT-B19-P06","06","UT-B19",277129.2492,4651418.045,-113.6903043,41.98325759,"B"
"704","UT-B19-P07","07","UT-B19",277380.9922,4651418.13,-113.6872687,41.9833295,"B"
"705","UT-B19-P08","08","UT-B19",277632.7361,4651418.217,-113.6842332,41.98340135,"B"
"706","UT-B19-P02","02","UT-B19",277128.1553,4651666.415,-113.6904116,41.9854918,"B"
"707","UT-B19-P03","03","UT-B19",277379.8974,4651666.501,-113.687376,41.98556373,"B"
"708","UT-B19-P04","04","UT-B19",277631.6405,4651666.589,-113.6843403,41.98563559,"B"
"709","UT-B19-P01","01","UT-B19",276883.6559,4651669.443,-113.6933611,41.98544986,"B"
"710","UT-B22-P10","10","UT-B22",255285.2454,4619341.209,-113.9404152,41.68824772,"B"
"711","UT-B22-P11","11","UT-B22",255534.1792,4619379.313,-113.9374435,41.68866694,"B"
"712","UT-B22-P12","12","UT-B22",255783.1124,4619417.417,-113.9344717,41.68908608,"B"
"713","UT-B22-P07","07","UT-B22",255246.315,4619586.493,-113.9409829,41.69044216,"B"
"714","UT-B22-P08","08","UT-B22",255495.2481,4619624.597,-113.9380111,41.69086139,"B"
"715","UT-B22-P09","09","UT-B22",255744.1807,4619662.701,-113.9350393,41.69128055,"B"
"716","UT-B22-P04","04","UT-B22",255207.3849,4619831.779,-113.9415507,41.6926366,"B"
"717","UT-B22-P05","05","UT-B22",255456.3176,4619869.882,-113.9385788,41.69305584,"B"
"718","UT-B22-P06","06","UT-B22",255705.2497,4619907.986,-113.9356069,41.69347501,"B"
"719","UT-B22-P02","02","UT-B22",255168.4556,4620077.065,-113.9421185,41.69483104,"B"
"720","UT-B22-P03","03","UT-B22",255417.3877,4620115.168,-113.9391466,41.6952503,"B"
"721","UT-B22-P01","01","UT-B22",255129.5269,4620322.352,-113.9426864,41.69702549,"B"
"722","UT-B24-P05","05","UT-B24",247584.6802,4632032.791,-114.0382009,41.79999757,"B"
"723","UT-B24-P13","13","UT-B24",247554.0692,4631542.444,-114.0383603,41.7955775,"B"
"724","UT-B24-P14","14","UT-B24",247805.3274,4631525.304,-114.035333,41.79550324,"B"
"725","UT-B24-P15","15","UT-B24",248056.5872,4631508.165,-114.0323058,41.79542892,"B"
"726","UT-B24-P16","16","UT-B24",248307.8484,4631491.027,-114.0292785,41.79535452,"B"
"727","UT-B24-P09","09","UT-B24",247570.023,4631790.294,-114.0382739,41.79781181,"B"
"728","UT-B24-P10","10","UT-B24",247821.2805,4631773.156,-114.0352466,41.79773757,"B"
"729","UT-B24-P11","11","UT-B24",248072.5395,4631756.018,-114.0322192,41.79766326,"B"
"730","UT-B24-P12","12","UT-B24",248323.8001,4631738.882,-114.0291919,41.79758888,"B"
"731","UT-B24-P06","06","UT-B24",247837.2325,4632021.008,-114.0351601,41.7999719,"B"
"732","UT-B24-P07","07","UT-B24",248088.4908,4632003.872,-114.0321327,41.79989761,"B"
"733","UT-B24-P08","08","UT-B24",248339.7506,4631986.738,-114.0291052,41.79982325,"B"
"734","UT-B24-P01","01","UT-B24",247605.8372,4632283.086,-114.038053,41.80225553,"B"
"735","UT-B24-P02","02","UT-B24",247853.1834,4632268.86,-114.0350737,41.80220624,"B"
"736","UT-B24-P03","03","UT-B24",248104.4409,4632251.727,-114.0320461,41.80213196,"B"
"737","UT-B24-P04","04","UT-B24",248355.7,4632234.594,-114.0290186,41.80205762,"B"
"738","UT-B25-P11","11","UT-B25",250822.4758,4636166.415,-114.001018,41.83820145,"B"
"739","UT-B25-P12","12","UT-B25",251072.4312,4636135.86,-113.9979988,41.8380052,"B"
"740","UT-B25-P13","13","UT-B25",251322.3887,4636105.306,-113.9949795,41.83780888,"B"
"741","UT-B25-P14","14","UT-B25",251572.3481,4636074.753,-113.9919603,41.83761249,"B"
"742","UT-B25-P07","07","UT-B25",250851.7786,4636413.053,-114.0007693,41.84042906,"B"
"743","UT-B25-P08","08","UT-B25",251101.7333,4636382.5,-113.99775,41.84023283,"B"
"744","UT-B25-P09","09","UT-B25",251351.6903,4636351.948,-113.9947306,41.84003653,"B"
"745","UT-B25-P10","10","UT-B25",251601.6492,4636321.397,-113.9917113,41.83984015,"B"
"746","UT-B25-P06","06","UT-B25",250614.6968,4636455.858,-114.003639,41.84073947,"B"
"747","UT-B25-P02","02","UT-B25",250881.0798,4636659.692,-114.0005206,41.84265668,"B"
"748","UT-B25-P03","03","UT-B25",251131.034,4636629.141,-113.9975012,41.84246047,"B"
"749","UT-B25-P04","04","UT-B25",251380.9903,4636598.591,-113.9944817,41.84226418,"B"
"750","UT-B25-P05","05","UT-B25",251630.9486,4636568.042,-113.9914623,41.84206782,"B"
"751","UT-B25-P01","01","UT-B25",250910.3795,4636906.331,-114.0002719,41.8448843,"B"
"752","UT-B27-P14","14","UT-B27",248174.53,4642006.548,-114.0353517,41.88989168,"B"
"753","UT-B27-P15","15","UT-B27",248425.7186,4641988.862,-114.0323206,41.88981256,"B"
"754","UT-B27-P16","16","UT-B27",248676.9087,4641971.178,-114.0292895,41.88973337,"B"
"755","UT-B27-P09","09","UT-B27",247939.8651,4642272.071,-114.0382897,41.89220507,"B"
"756","UT-B27-P10","10","UT-B27",248191.0515,4642254.386,-114.0352585,41.89212604,"B"
"757","UT-B27-P11","11","UT-B27",248442.2394,4642236.702,-114.0322273,41.89204693,"B"
"758","UT-B27-P12","12","UT-B27",248693.4288,4642219.019,-114.0291961,41.89196776,"B"
"759","UT-B27-P05","05","UT-B27",247956.3863,4642519.908,-114.0381965,41.89443942,"B"
"760","UT-B27-P06","06","UT-B27",248207.5719,4642502.224,-114.0351653,41.8943604,"B"
"761","UT-B27-P07","07","UT-B27",248458.7589,4642484.542,-114.032134,41.89428131,"B"
"762","UT-B27-P08","08","UT-B27",248709.9476,4642466.861,-114.0291027,41.89420216,"B"
"763","UT-B27-P02","02","UT-B27",248224.091,4642750.063,-114.035072,41.89659477,"B"
"764","UT-B27-P03","03","UT-B27",248475.2774,4642732.383,-114.0320407,41.8965157,"B"
"765","UT-B27-P04","04","UT-B27",248726.4653,4642714.703,-114.0290092,41.89643656,"B"
"766","UT-B27-P01","01","UT-B27",247972.8024,4642764.71,-114.0381034,41.89664643,"B"
"767","UT-B27-P13","13","UT-B27",247919.6543,4642024.269,-114.0384272,41.88996986,"B"
"768","UT-B30-P13","13","UT-B30",249602.6213,4638726.96,-114.0167728,41.8608474,"B"
"769","UT-B30-P14","14","UT-B30",249853.8261,4638709.406,-114.0137429,41.86076894,"B"
"770","UT-B30-P15","15","UT-B30",250105.0324,4638691.854,-114.010713,41.86069041,"B"
"771","UT-B30-P16","16","UT-B30",250356.2404,4638674.302,-114.0076831,41.8606118,"B"
"772","UT-B30-P09","09","UT-B30",249619.0051,4638974.796,-114.0166805,41.86308171,"B"
"773","UT-B30-P10","10","UT-B30",249870.2092,4638957.244,-114.0136506,41.86300326,"B"
"774","UT-B30-P11","11","UT-B30",250121.4147,4638939.693,-114.0106206,41.86292475,"B"
"775","UT-B30-P12","12","UT-B30",250372.622,4638922.143,-114.0075906,41.86284616,"B"
"776","UT-B30-P05","05","UT-B30",249635.3877,4639222.632,-114.0165883,41.86531603,"B"
"777","UT-B30-P06","06","UT-B30",249886.5909,4639205.082,-114.0135582,41.86523759,"B"
"778","UT-B30-P07","07","UT-B30",250137.7959,4639187.533,-114.0105282,41.8651591,"B"
"779","UT-B30-P08","08","UT-B30",250389.0024,4639169.985,-114.0074981,41.86508053,"B"
"780","UT-B30-P01","01","UT-B30",249651.7692,4639470.469,-114.0164961,41.86755035,"B"
"781","UT-B30-P02","02","UT-B30",249902.9717,4639452.92,-114.0134659,41.86747193,"B"
"782","UT-B30-P03","03","UT-B30",250154.176,4639435.373,-114.0104357,41.86739345,"B"
"783","UT-B30-P04","04","UT-B30",250405.3816,4639417.827,-114.0074056,41.86731489,"B"
"784","UT-C01-P13","13","UT-C01",273358.6149,4605644.432,-113.7183118,41.5703663,"R"
"785","UT-C01-P14","14","UT-C01",273610.4856,4605644.027,-113.715294,41.57043401,"R"
"786","UT-C01-P15","15","UT-C01",273862.3572,4605643.624,-113.7122762,41.57050165,"R"
"787","UT-C01-P16","16","UT-C01",274114.2298,4605643.222,-113.7092584,41.57056923,"R"
"788","UT-C01-P09","09","UT-C01",273357.9148,4605892.687,-113.7184139,41.57259969,"R"
"789","UT-C01-P10","10","UT-C01",273609.7847,4605892.283,-113.715396,41.57266742,"R"
"790","UT-C01-P11","11","UT-C01",273861.6556,4605891.881,-113.7123781,41.57273508,"R"
"791","UT-C01-P12","12","UT-C01",274113.5273,4605891.48,-113.7093602,41.57280267,"R"
"792","UT-C01-P05","05","UT-C01",273357.2141,4606140.942,-113.718516,41.57483309,"R"
"793","UT-C01-P06","06","UT-C01",273609.0833,4606140.54,-113.715498,41.57490084,"R"
"794","UT-C01-P07","07","UT-C01",273860.9533,4606140.138,-113.71248,41.57496851,"R"
"795","UT-C01-P08","08","UT-C01",274112.8243,4606139.738,-113.709462,41.57503612,"R"
"796","UT-C01-P02","02","UT-C01",273608.3811,4606388.797,-113.7156001,41.57713425,"R"
"797","UT-C01-P03","03","UT-C01",273860.2505,4606388.396,-113.712582,41.57720194,"R"
"798","UT-C01-P04","04","UT-C01",274112.1207,4606387.997,-113.7095639,41.57726957,"R"
"799","UT-C01-P01","01","UT-C01",273358.151,4606387.748,-113.718598,41.57705392,"R"
"800","UT-C02-P10","10","UT-C02",278437.9996,4603858.915,-113.6567956,41.55572451,"R"
"801","UT-C02-P09","09","UT-C02",278433.1637,4604107.116,-113.656945,41.5579564,"R"
"802","UT-C02-P08","08","UT-C02",278428.3273,4604355.317,-113.6570945,41.56018829,"R"
"803","UT-C02-P05","05","UT-C02",278171.652,4604599.755,-113.6602596,41.5623165,"R"
"804","UT-C02-P06","06","UT-C02",278423.4904,4604603.519,-113.657244,41.56242018,"R"
"805","UT-C02-P07","07","UT-C02",278675.3295,4604607.284,-113.6542284,41.56252379,"R"
"806","UT-C02-P02","02","UT-C02",278166.8154,4604847.956,-113.6604092,41.56454838,"R"
"807","UT-C02-P03","03","UT-C02",278418.6531,4604851.72,-113.6573935,41.56465207,"R"
"808","UT-C02-P04","04","UT-C02",278670.4913,4604855.486,-113.6543778,41.5647557,"R"
"809","UT-C02-P01","01","UT-C02",278409.6504,4605122.576,-113.6576013,41.56708664,"R"
"810","UT-C05-P13","13","UT-C05",254439.4653,4601462.52,-113.9432399,41.52716231,"R"
"811","UT-C05-P14","14","UT-C05",254691.3754,4601462.475,-113.9402244,41.52723911,"R"
"812","UT-C05-P15","15","UT-C05",254943.2863,4601462.431,-113.9372088,41.52731584,"R"
"813","UT-C05-P16","16","UT-C05",255191.8346,4601461.089,-113.934233,41.52737978,"R"
"814","UT-C05-P09","09","UT-C05",254438.3817,4601710.794,-113.9433542,41.52939532,"R"
"815","UT-C05-P10","10","UT-C05",254690.291,4601710.75,-113.9403386,41.52947214,"R"
"816","UT-C05-P11","11","UT-C05",254942.2014,4601710.707,-113.9373229,41.52954888,"R"
"817","UT-C05-P12","12","UT-C05",255194.1124,4601710.665,-113.9343073,41.52962556,"R"
"818","UT-C05-P05","05","UT-C05",254437.2977,4601959.068,-113.9434685,41.53162834,"R"
"819","UT-C05-P06","06","UT-C05",254689.2062,4601959.025,-113.9404528,41.53170517,"R"
"820","UT-C05-P07","07","UT-C05",254941.1157,4601958.983,-113.937437,41.53178193,"R"
"821","UT-C05-P08","08","UT-C05",255193.026,4601958.943,-113.9344213,41.53185862,"R"
"822","UT-C05-P01","01","UT-C05",254436.2131,4602207.343,-113.9435828,41.53386137,"R"
"823","UT-C05-P02","02","UT-C05",254688.1209,4602207.301,-113.940567,41.53393821,"R"
"824","UT-C05-P03","03","UT-C05",254940.0294,4602207.26,-113.9375512,41.53401499,"R"
"825","UT-C05-P04","04","UT-C05",255191.9391,4602207.221,-113.9345353,41.53409169,"R"
"826","UT-C06-P13","13","UT-C06",248079.0192,4589476.89,-114.0143712,41.41737624,"R"
"827","UT-C06-P14","14","UT-C06",248330.3463,4589459.226,-114.0113606,41.41729606,"R"
"828","UT-C06-P15","15","UT-C06",248581.6751,4589441.563,-114.00835,41.41721582,"R"
"829","UT-C06-P16","16","UT-C06",248833.0053,4589423.902,-114.0053393,41.41713551,"R"
"830","UT-C06-P09","09","UT-C06",248095.4021,4589724.603,-114.0142786,41.41960957,"R"
"831","UT-C06-P10","10","UT-C06",248346.7286,4589706.941,-114.0112679,41.41952942,"R"
"832","UT-C06-P11","11","UT-C06",248598.0566,4589689.28,-114.0082571,41.41944919,"R"
"833","UT-C06-P12","12","UT-C06",248849.3862,4589671.62,-114.0052464,41.4193689,"R"
"834","UT-C06-P05","05","UT-C06",248111.7838,4589972.317,-114.0141859,41.42184292,"R"
"835","UT-C06-P06","06","UT-C06",248363.1097,4589954.657,-114.0111751,41.42176278,"R"
"836","UT-C06-P07","07","UT-C06",248614.437,4589936.997,-114.0081643,41.42168257,"R"
"837","UT-C06-P08","08","UT-C06",248865.7659,4589919.339,-114.0051535,41.42160229,"R"
"838","UT-C06-P02","02","UT-C06",248379.4895,4590202.373,-114.0110824,41.42399614,"R"
"839","UT-C06-P03","03","UT-C06",248630.8162,4590184.715,-114.0080715,41.42391594,"R"
"840","UT-C06-P04","04","UT-C06",248882.1446,4590167.058,-114.0050606,41.42383568,"R"
"841","UT-C06-P01","01","UT-C06",248130.1708,4590219.588,-114.0140691,41.4240729,"R"
"842","UT-C08-P04","04","UT-C08",253572.03,4630760.677,-113.9657005,41.79043766,"R"
"843","UT-C08-P13","13","UT-C08",252820.9286,4630015.909,-113.9744181,41.78350498,"R"
"844","UT-C08-P14","14","UT-C08",253072.769,4630016.079,-113.9713916,41.7835849,"R"
"845","UT-C08-P15","15","UT-C08",253324.6103,4630016.251,-113.9683651,41.78366475,"R"
"846","UT-C08-P16","16","UT-C08",253576.4525,4630016.423,-113.9653386,41.78374453,"R"
"847","UT-C08-P09","09","UT-C08",252819.6838,4630264.26,-113.9745364,41.78573847,"R"
"848","UT-C08-P10","10","UT-C08",253071.5234,4630264.432,-113.9715099,41.78581841,"R"
"849","UT-C08-P11","11","UT-C08",253323.3638,4630264.604,-113.9684832,41.78589827,"R"
"850","UT-C08-P12","12","UT-C08",253575.2052,4630264.778,-113.9654566,41.78597807,"R"
"851","UT-C08-P05","05","UT-C08",252818.4384,4630512.612,-113.9746548,41.78797197,"R"
"852","UT-C08-P06","06","UT-C08",253070.2772,4630512.784,-113.9716281,41.78805192,"R"
"853","UT-C08-P07","07","UT-C08",253322.1168,4630512.958,-113.9686014,41.7881318,"R"
"854","UT-C08-P08","08","UT-C08",253573.9574,4630513.133,-113.9655746,41.78821162,"R"
"855","UT-C08-P01","01","UT-C08",252817.1924,4630760.964,-113.9747731,41.79020547,"R"
"856","UT-C08-P02","02","UT-C08",253069.0305,4630761.138,-113.9717463,41.79028543,"R"
"857","UT-C08-P03","03","UT-C08",253320.8694,4630761.312,-113.9687195,41.79036533,"R"
"858","UT-C15-P13","13","UT-C15",253277.269,4633290.665,-113.970295,41.81310295,"R"
"859","UT-C15-P14","14","UT-C15",253529.0934,4633291.264,-113.9672675,41.81318666,"R"
"860","UT-C15-P15","15","UT-C15",253780.9186,4633291.865,-113.9642399,41.81327031,"R"
"861","UT-C15-P16","16","UT-C15",254032.7446,4633292.467,-113.9612123,41.81335388,"R"
"862","UT-C15-P09","09","UT-C15",253275.6042,4633539.015,-113.9704183,41.8153363,"R"
"863","UT-C15-P10","10","UT-C15",253527.4277,4633539.616,-113.9673907,41.81542003,"R"
"864","UT-C15-P11","11","UT-C15",253779.2522,4633540.218,-113.964363,41.81550369,"R"
"865","UT-C15-P12","12","UT-C15",254031.0773,4633540.821,-113.9613354,41.81558728,"R"
"866","UT-C15-P05","05","UT-C15",253273.9388,4633787.366,-113.9705417,41.81756966,"R"
"867","UT-C15-P06","06","UT-C15",253525.7617,4633787.968,-113.9675139,41.8176534,"R"
"868","UT-C15-P07","07","UT-C15",253777.5852,4633788.57,-113.9644862,41.81773708,"R"
"869","UT-C15-P08","08","UT-C15",254029.4097,4633789.175,-113.9614584,41.81782068,"R"
"870","UT-C15-P01","01","UT-C15",253272.2728,4634035.717,-113.970665,41.81980301,"R"
"871","UT-C15-P02","02","UT-C15",253524.0949,4634036.32,-113.9676372,41.81988677,"R"
"872","UT-C15-P03","03","UT-C15",253775.9176,4634036.924,-113.9646094,41.81997047,"R"
"873","UT-C15-P04","04","UT-C15",254027.7412,4634037.529,-113.9615815,41.82005409,"R"
"874","UT-C16-P14","14","UT-C16",254164.2042,4643699.451,-113.9639551,41.90700373,"R"
"875","UT-C16-P15","15","UT-C16",254415.336,4643681.857,-113.9609239,41.90692355,"R"
"876","UT-C16-P16","16","UT-C16",254666.4694,4643664.264,-113.9578927,41.9068433,"R"
"877","UT-C16-P09","09","UT-C16",253929.5116,4643964.827,-113.9668917,41.90931767,"R"
"878","UT-C16-P10","10","UT-C16",254180.6412,4643947.233,-113.9638604,41.90923758,"R"
"879","UT-C16-P11","11","UT-C16",254431.7724,4643929.641,-113.9608291,41.90915742,"R"
"880","UT-C16-P12","12","UT-C16",254682.9051,4643912.049,-113.9577978,41.90907719,"R"
"881","UT-C16-P05","05","UT-C16",253945.9484,4644212.608,-113.966797,41.91155151,"R"
"882","UT-C16-P06","06","UT-C16",254197.0773,4644195.016,-113.9637657,41.91147144,"R"
"883","UT-C16-P07","07","UT-C16",254448.2076,4644177.425,-113.9607343,41.91139129,"R"
"884","UT-C16-P08","08","UT-C16",254699.3396,4644159.835,-113.9577028,41.91131107,"R"
"885","UT-C16-P01","01","UT-C16",253962.384,4644460.39,-113.9667024,41.91378535,"R"
"886","UT-C16-P02","02","UT-C16",254213.5121,4644442.8,-113.9636709,41.91370529,"R"
"887","UT-C16-P03","03","UT-C16",254464.6418,4644425.21,-113.9606394,41.91362516,"R"
"888","UT-C16-P13","13","UT-C16",253910.9884,4643718.165,-113.9670119,41.90709325,"R"
"889","UT-C16-P04","04","UT-C16",254708.1194,4644416.712,-113.9577039,41.91362435,"R"
"890","UT-C17-P11","11","UT-C17",280591.6251,4636606.891,-113.643045,41.85097053,"R"
"891","UT-C17-P10","10","UT-C17",280546.0118,4636851.037,-113.6436844,41.85315454,"R"
"892","UT-C17-P08","08","UT-C17",280500.3992,4637095.183,-113.6443239,41.85533855,"R"
"893","UT-C17-P09","09","UT-C17",280748.1059,4637140.061,-113.6413594,41.85581098,"R"
"894","UT-C17-P06","06","UT-C17",280454.7875,4637339.329,-113.6449634,41.85752256,"R"
"895","UT-C17-P07","07","UT-C17",280702.4938,4637384.207,-113.6419988,41.857995,"R"
"896","UT-C17-P03","03","UT-C17",280409.1766,4637583.477,-113.6456029,41.85970657,"R"
"897","UT-C17-P04","04","UT-C17",280656.8824,4637628.355,-113.6426383,41.86017903,"R"
"898","UT-C17-P05","05","UT-C17",280904.5873,4637673.233,-113.6396736,41.86065141,"R"
"899","UT-C17-P02","02","UT-C17",280858.9763,4637917.381,-113.640313,41.86283546,"R"
"900","UT-C17-P01","01","UT-C17",281061.0692,4638206.407,-113.6379876,41.86549185,"R"
"901","UT-C19-P13","13","UT-C19",282889.7129,4647820.193,-113.619513,41.95249468,"R"
"902","UT-C19-P14","14","UT-C19",283141.4581,4647820.434,-113.6164788,41.95256608,"R"
"903","UT-C19-P15","15","UT-C19",283393.2042,4647820.677,-113.6134445,41.95263742,"R"
"904","UT-C19-P16","16","UT-C19",283644.951,4647820.92,-113.6104102,41.95270869,"R"
"905","UT-C19-P09","09","UT-C19",282888.4624,4648068.544,-113.6196196,41.95472882,"R"
"906","UT-C19-P10","10","UT-C19",283140.2066,4648068.786,-113.6165853,41.95480024,"R"
"907","UT-C19-P11","11","UT-C19",283391.9518,4648069.03,-113.613551,41.95487159,"R"
"908","UT-C19-P12","12","UT-C19",283643.698,4648069.274,-113.6105166,41.95494287,"R"
"909","UT-C19-P05","05","UT-C19",282887.2113,4648316.895,-113.6197263,41.95696297,"R"
"910","UT-C19-P06","06","UT-C19",283138.9546,4648317.138,-113.6166919,41.9570344,"R"
"911","UT-C19-P07","07","UT-C19",283390.6989,4648317.383,-113.6136574,41.95710577,"R"
"912","UT-C19-P08","08","UT-C19",283642.4442,4648317.628,-113.610623,41.95717707,"R"
"913","UT-C19-P01","01","UT-C19",282885.9594,4648565.247,-113.619833,41.95919712,"R"
"914","UT-C19-P02","02","UT-C19",283137.702,4648565.491,-113.6167984,41.95926857,"R"
"915","UT-C19-P03","03","UT-C19",283389.4455,4648565.737,-113.6137639,41.95933995,"R"
"916","UT-C19-P04","04","UT-C19",283641.1899,4648565.983,-113.6107293,41.95941126,"R"
"917","UT-C22-P10","10","UT-C22",257399.2201,4619770.836,-113.9152208,41.69275924,"R"
"918","UT-C22-P11","11","UT-C22",257648.1223,4619809.009,-113.9122491,41.69317842,"R"
"919","UT-C22-P12","12","UT-C22",257897.0239,4619847.182,-113.9092774,41.69359754,"R"
"920","UT-C22-P07","07","UT-C22",257360.2217,4620016.089,-113.9157886,41.69495352,"R"
"921","UT-C22-P08","08","UT-C22",257609.1234,4620054.261,-113.9128168,41.69537272,"R"
"922","UT-C22-P09","09","UT-C22",257858.0244,4620092.435,-113.909845,41.69579185,"R"
"923","UT-C22-P04","04","UT-C22",257321.2238,4620261.343,-113.9163564,41.69714781,"R"
"924","UT-C22-P05","05","UT-C22",257570.1249,4620299.515,-113.9133845,41.69756702,"R"
"925","UT-C22-P06","06","UT-C22",257819.0254,4620337.688,-113.9104126,41.69798617,"R"
"926","UT-C22-P02","02","UT-C22",257282.2266,4620506.597,-113.9169242,41.6993421,"R"
"927","UT-C22-P03","03","UT-C22",257531.1272,4620544.769,-113.9139522,41.69976132,"R"
"928","UT-C22-P01","01","UT-C22",257243.2301,4620751.853,-113.9174921,41.70153639,"R"
"929","UT-C24-P01","01","UT-C24",254489.1547,4630523.681,-113.9545794,41.78859017,"R"
"930","UT-C24-P13","13","UT-C24",254430.4731,4629791.532,-113.954982,41.78198632,"R"
"931","UT-C24-P14","14","UT-C24",254681.3896,4629770.025,-113.9519577,41.78187046,"R"
"932","UT-C24-P15","15","UT-C24",254932.3079,4629748.52,-113.9489333,41.78175452,"R"
"933","UT-C24-P16","16","UT-C24",255183.2278,4629727.015,-113.945909,41.78163852,"R"
"934","UT-C24-P09","09","UT-C24",254450.7696,4630039.052,-113.9548404,41.78421904,"R"
"935","UT-C24-P10","10","UT-C24",254701.6854,4630017.547,-113.951816,41.78410319,"R"
"936","UT-C24-P11","11","UT-C24",254952.6031,4629996.043,-113.9487915,41.78398728,"R"
"937","UT-C24-P12","12","UT-C24",255203.5223,4629974.54,-113.9457671,41.78387129,"R"
"938","UT-C24-P05","05","UT-C24",254471.0649,4630286.572,-113.9546988,41.78645177,"R"
"939","UT-C24-P06","06","UT-C24",254721.98,4630265.069,-113.9516743,41.78633594,"R"
"940","UT-C24-P07","07","UT-C24",254972.8969,4630243.567,-113.9486497,41.78622003,"R"
"941","UT-C24-P08","08","UT-C24",255223.8154,4630222.066,-113.9456252,41.78610406,"R"
"942","UT-C24-P04","04","UT-C24",255236.7007,4630473.959,-113.9455741,41.78837383,"R"
"943","UT-C24-P02","02","UT-C24",254742.2733,4630512.592,-113.9515326,41.78856868,"R"
"944","UT-C24-P03","03","UT-C24",254993.1895,4630491.091,-113.948508,41.78845279,"R"
"945","UT-C25-P12","12","UT-C25",255805.096,4633738.733,-113.9400859,41.81791592,"R"
"946","UT-C25-P13","13","UT-C25",256055.1455,4633708.343,-113.9370667,41.81771954,"R"
"947","UT-C25-P14","14","UT-C25",256305.1969,4633677.953,-113.9340474,41.81752309,"R"
"948","UT-C25-P07","07","UT-C25",255584.1899,4634015.852,-113.9428564,41.82034054,"R"
"949","UT-C25-P08","08","UT-C25",255834.2366,4633985.463,-113.9398371,41.82014425,"R"
"950","UT-C25-P09","09","UT-C25",256084.2856,4633955.074,-113.9368178,41.81994788,"R"
"951","UT-C25-P10","10","UT-C25",256334.3364,4633924.687,-113.9337984,41.81975145,"R"
"952","UT-C25-P06","06","UT-C25",255351.6652,4634081.457,-113.9456796,41.82085893,"R"
"953","UT-C25-P02","02","UT-C25",255613.3295,4634262.58,-113.9426077,41.82256886,"R"
"954","UT-C25-P03","03","UT-C25",255863.3757,4634232.193,-113.9395883,41.82237258,"R"
"955","UT-C25-P04","04","UT-C25",256113.424,4634201.807,-113.9365689,41.82217623,"R"
"956","UT-C25-P05","05","UT-C25",256363.4743,4634171.422,-113.9335494,41.82197981,"R"
"957","UT-C25-P01","01","UT-C25",255642.4676,4634509.309,-113.942359,41.82479718,"R"
"958","UT-C25-P11","11","UT-C25",255554.052,4633769.244,-113.9431172,41.818113,"R"
"959","UT-C27-P14","14","UT-C27",250989.2934,4648002.744,-114.0040001,41.94471527,"R"
"960","UT-C27-P15","15","UT-C27",251240.2736,4647985.036,-114.0009689,41.94463514,"R"
"961","UT-C27-P16","16","UT-C27",251491.2552,4647967.329,-113.9979377,41.94455494,"R"
"962","UT-C27-P09","09","UT-C27",250754.8653,4648268.086,-114.0069367,41.94702784,"R"
"963","UT-C27-P10","10","UT-C27",251005.8432,4648250.378,-114.0039054,41.9469478,"R"
"964","UT-C27-P11","11","UT-C27",251256.8227,4648232.672,-114.0008741,41.94686769,"R"
"965","UT-C27-P12","12","UT-C27",251507.8036,4648214.967,-113.9978428,41.9467875,"R"
"966","UT-C27-P05","05","UT-C27",250771.4149,4648515.719,-114.006842,41.94926036,"R"
"967","UT-C27-P06","06","UT-C27",251022.3921,4648498.013,-114.0038107,41.94918033,"R"
"968","UT-C27-P07","07","UT-C27",251273.3707,4648480.308,-114.0007793,41.94910024,"R"
"969","UT-C27-P08","08","UT-C27",251524.351,4648462.604,-113.9977478,41.94902007,"R"
"970","UT-C27-P01","01","UT-C27",250787.9634,4648763.352,-114.0067474,41.95149288,"R"
"971","UT-C27-P02","02","UT-C27",251038.9397,4648745.648,-114.0037159,41.95141287,"R"
"972","UT-C27-P03","03","UT-C27",251289.9176,4648727.945,-114.0006844,41.95133279,"R"
"973","UT-C27-P04","04","UT-C27",251540.8972,4648710.243,-113.9976529,41.95125264,"R"
"974","UT-C27-P13","13","UT-C27",250736.231,4648021.572,-114.0070569,41.94480473,"R"
"975","UT-C30-P13","13","UT-C30",257096.2405,4632230.525,-113.9239427,41.80474594,"R"
"976","UT-C30-P14","14","UT-C30",257347.3983,4632211.864,-113.9209156,41.80465496,"R"
"977","UT-C30-P15","15","UT-C30",257598.5576,4632193.204,-113.9178885,41.80456391,"R"
"978","UT-C30-P16","16","UT-C30",257849.7186,4632174.545,-113.9148613,41.80447279,"R"
"979","UT-C30-P09","09","UT-C30",257113.7189,4632478.288,-113.923834,41.80697997,"R"
"980","UT-C30-P10","10","UT-C30",257364.8758,4632459.628,-113.9208068,41.80688901,"R"
"981","UT-C30-P11","11","UT-C30",257616.0345,4632440.97,-113.9177796,41.80679797,"R"
"982","UT-C30-P12","12","UT-C30",257867.1947,4632422.313,-113.9147523,41.80670687,"R"
"983","UT-C30-P06","06","UT-C30",257382.3522,4632707.394,-113.920698,41.80912306,"R"
"984","UT-C30-P07","07","UT-C30",257633.5102,4632688.737,-113.9176707,41.80903204,"R"
"985","UT-C30-P08","08","UT-C30",257884.6697,4632670.081,-113.9146433,41.80894095,"R"
"986","UT-C30-P01","01","UT-C30",257148.9299,4632971.73,-113.9236127,41.81142938,"R"
"987","UT-C30-P02","02","UT-C30",257399.8275,4632955.159,-113.9205892,41.81135712,"R"
"988","UT-C30-P03","03","UT-C30",257650.9848,4632936.504,-113.9175618,41.81126612,"R"
"989","UT-C30-P04","04","UT-C30",257902.1434,4632917.85,-113.9145343,41.81117505,"R"
"990","UT-C30-P05","05","UT-C30",257131.732,4632725.242,-113.9237185,41.80920689,"R"
