"","Area","Tree.Cover","rdnbr","Fire.Year","Shrub.Cover","PFG.Cover","AFG.Cover","Elevation","TRI","Aspect","X","Y"
"1",1e+06,4.5089089390369,921.859023348764,2018,11.0397940345109,35.2855225735903,17.3734349471331,1758.6349092865,4.27898606300354,3,295864.716401963,4678826.04781563
"2",916277.934644423,0.181988509721527,1026.80457596856,1999,9.71291322154293,22.9692507797778,27.8826330705598,1491.94593136625,0.259005033052885,NA,306831.236198552,4659793.3069948
"3",1e+06,5.60178265589131,613.975814592588,1998,18.1248956087232,29.619492559731,10.4223415254988,1613.80147964478,4.76898108482361,8,258864.716401963,4664826.04781563
"4",1e+06,3.40023053239793,1356.78299669956,2018,13.1599912109971,20.9454181794822,16.1272528899834,1772.71528007507,4.91670448303223,3,248864.716401963,4602826.04781563
"5",1e+06,1.32581290695712,1097.94985868077,2018,18.3711485528946,27.8615559965372,8.36126379534602,1785.81839741032,2.84250333832531,5,247864.716401963,4623826.04781563
"6",1e+06,2.42696140533569,979.399686363527,2018,16.5856313742697,27.2644465118647,10.9119328698516,1771.83225796238,2.96056868390339,2,247864.716401963,4621826.04781563
"7",1e+06,0.612422626130584,1781.85336124196,2018,21.3210713279247,31.667163939476,6.56116299204528,1771.91378062178,2.57378486075052,3,252864.716401963,4624826.04781563
"8",1e+06,2.34876197944651,500.649697514966,2020,8.0166454237241,31.5315429473535,19.9471318776839,2009.6580594635,6.98596820831299,5,242864.716401963,4672826.04781563
"9",1e+06,0.682036083643465,1075.07708157346,2018,16.4478555899858,28.9897334259748,9.75281494528055,2092.55430684904,6.90642857435273,4,248864.716401963,4627826.04781563
"10",1e+06,3.63722332734848,533.15401007586,2006,16.4940521121025,38.9647361397743,11.6866619741917,1755.65591259468,4.11861881163062,8,324864.716401963,4675826.04781563
"11",1e+06,8.61068472883116,869.9276918965,2011,17.7713701502979,34.6957102289796,13.5498412336409,1939.07638366699,6.81247935295105,8,245864.716401963,4682826.04781563
"12",1e+06,5.66580401374721,1297.80922672575,2000,20.731921852082,28.4052394345403,7.54528174621752,1839.61240688417,2.31355853197051,6,272864.716401963,4653826.04781563
"13",1e+06,2.55529817378272,1033.61397430224,2018,13.8391645182669,31.105949524641,7.08904553979635,1797.22858726501,5.11538131713867,2,249864.716401963,4617826.04781563
"14",962405.958395706,5.66581456526509,1517.78433474146,2007,19.670511545822,27.4690476298486,6.84979371413915,1636.51095105635,0.989796594719619,3,298861.123432178,4666844.52697632
"15",1e+06,1.28770595657096,189.656048988629,2006,22.2091606968641,35.5013234394789,11.2409469545633,1862.1467805481,5.70253041267395,7,319864.716401963,4676826.04781563
"16",1e+06,2.12045121247788,1200.83037613337,2006,13.2396035826206,27.8065615424514,11.1450181598961,1698.01588261302,1.63468209243402,7,248864.716401963,4641826.04781563
"17",1e+06,0.780873058495618,1018.31414188378,2020,7.69170220825821,36.8512203389406,36.1884507656097,1764.73050323486,4.53737528800964,3,243864.716401963,4667826.04781563
"18",1e+06,1.2975393744304,1257.35910340411,2007,11.0648450624198,39.403781285882,18.3601588204503,1772.55896659851,2.5306794834137,3,296864.716401963,4664826.04781563
"19",1e+06,4.55999363642342,566.315023766937,2006,12.9501315720845,27.5702707570791,13.5217303267121,1696.89021316156,5.12828678968476,7,326864.716401963,4654826.04781563
"20",941665.399345672,1.51783914678482,1176.29364398478,2018,20.1381529863697,33.720711376686,8.32941841395369,2028.75395105571,7.31070871328883,3,247846.112528678,4633848.61144627
"21",1e+06,1.99518442064021,838.057887450222,2018,24.635351099968,33.6260370516777,6.28367123844102,2076.32349109184,4.71017585382229,7,247864.716401963,4629826.04781563
"22",1e+06,3.15852695019706,831.923835008802,2011,12.2023990115523,33.4920093327761,21.5523912158608,1857.32265565454,2.36173790722359,3,250864.716401963,4681826.04781563
"23",1e+06,6.47002765432524,558.054233128637,2020,14.9064797555655,36.9356212761998,18.8372226709127,1894.05023498535,6.08528257369995,2,240864.716401963,4669826.04781563
"24",1e+06,1.09624262735793,1743.13068656525,2006,25.3121693478525,34.6021210849285,9.09521446242928,1970.2672675156,5.90521862681319,1,250864.716401963,4638826.04781563
"25",1e+06,0.53428598372491,852.132875053191,1999,20.9202740335464,29.0739921820164,12.7623753988743,1476.75566146851,0.292081823348999,NA,305864.716401963,4661826.04781563
"26",1e+06,3.55910660072532,563.082971264606,2011,9.17695287056267,27.743061426878,28.3656773553789,1717.89736022949,3.58260033770305,2,250864.716401963,4684826.04781563
"27",1e+06,0.51127553810409,1445.18855665794,2018,13.9342585679889,23.0090240511298,11.8991624778509,1912.90464083044,6.02613062044469,5,249864.716401963,4624826.04781563
"28",1e+06,2.23452994314617,732.661590934712,2011,9.39854653380811,31.2049789386988,31.6471186514199,1537.51787628174,5.57195344924927,4,249864.716401963,4687826.04781563
"29",1e+06,4.61931810586207,572.03291312641,2018,27.4936589598656,31.9677457797527,4.74079184007831,2044.44536296565,3.9683236098871,3,247864.716401963,4631826.04781563
"30",996795.975267023,1.03079964728456,817.899227973275,2006,13.0949409589863,36.2295020473198,17.2416036146947,1641.8416911654,2.11276387059411,2,325863.190154602,4677824.53156913
"31",1e+06,1.32780871467079,1827.16616437779,2018,24.4748247510195,24.6833162200451,4.65824143084232,1805.28009065881,3.17342752959316,3,256864.716401963,4624826.04781563
"32",1e+06,1.39720414490856,1219.84434137966,2018,13.4095308347046,33.5439360201359,18.4547949126363,1897.88303329468,5.90540456771851,7,248864.716401963,4605826.04781563
"33",1e+06,3.97958934875074,875.745182146151,2000,20.7265526226163,32.1278853496909,14.5309846009687,1747.14417746939,5.8525134295952,1,254864.716401963,4662826.04781563
"34",1e+06,1.19849076176334,1445.34126171581,2018,16.4113447925448,28.0817313909531,10.2896873722225,1955.83392601013,7.30970614433289,6,248864.716401963,4626826.04781563
"35",1e+06,1.12950910381146,1193.34745513862,2018,21.6255929857492,33.8730722880363,7.4193630468077,2032.86338687059,6.64206824884182,7,249864.716401963,4627826.04781563
"36",1e+06,2.77521430214499,950.69884994655,2006,12.4744915778935,33.5311061817408,15.3472981920838,1740.98059781703,3.39875623191275,1,318864.716401963,4670826.04781563
"37",989613.517792195,2.41140967893356,1407.37390187627,2018,7.82706375988836,28.6034104754741,15.1104291614178,1455.56240723538,0.560138321381901,NA,300859.952434304,4680827.73481034
"38",1e+06,0.297968540956632,1462.66218960244,2018,17.951809669733,28.0093959492445,8.93532631278038,2034.07944824219,5.78286937713623,7,249864.716401963,4625826.04781563
"39",1e+06,16.1110560929511,907.541588930988,2011,25.5247664286196,37.7677055308223,4.02423697355014,2005.57183129868,2.01687075622304,7,241864.716401963,4688826.04781563
"40",1e+06,3.84290206800695,736.002790536048,2020,15.0347643208504,36.3731781727076,23.0103517945111,1751.00644449374,5.77892817985721,2,241864.716401963,4669826.04781563
"41",1e+06,3.80812272567188,696.495393355336,2011,7.90182286888361,21.7224295607209,38.7201560516655,1606.77726507419,7.22051600944705,4,249864.716401963,4685826.04781563
"42",975416.037626952,0.929250098674778,1278.43466783485,2007,12.1779601587743,43.876572291874,12.1600983260912,1691.70128000755,1.99171050489323,3,297852.956391741,4664818.75234631
"43",1e+06,4.23104052770545,955.635380533959,2018,22.6433936992288,27.8914694395661,10.6623662320524,1867.63614792242,7.42137875440644,1,248864.716401963,4615826.04781563
"44",1e+06,0.431673462978445,1345.30030020216,2007,16.1550298768654,28.1439122128487,8.57308381348848,1579.14963638306,2.41733657836914,3,249864.716401963,4648826.04781563
"45",1e+06,0.337193988469642,493.398620479882,2011,3.43138733728947,20.2783074808121,29.3244902315736,1427.16253829956,0.707219705581665,4,254864.716401963,4684826.04781563
"46",1e+06,3.62047235903699,173.084468358002,2006,15.9672854045033,36.537394310236,12.0382266246407,1901.11131145198,7.10282722100979,2,321864.716401963,4676826.04781563
"47",1e+06,1.71199789024307,967.434811324809,2007,23.3442974030972,30.9231699460745,4.7331318924902,1771.03364093697,2.49622811085408,3,315864.716401963,4647826.04781563
"48",1e+06,3.14306144866679,751.473359700445,1998,12.441987555474,33.5751568838954,11.7437062500324,1617.92090573195,3.75335129528511,6,258864.716401963,4662826.04781563
"49",1e+06,16.1109690889993,971.060698381172,2011,22.7146287672222,36.3624294327199,8.83232770478702,1878.07020196682,6.59726727183272,8,244864.716401963,4679826.04781563
"50",1e+06,3.31442830725168,944.889334004428,2006,15.2215220534801,33.5637450844049,12.1989222463965,1803.86441841125,3.6082594203949,8,319864.716401963,4670826.04781563
"51",1e+06,0.841178559053005,590.08361209307,2006,10.4910060036695,33.1211764040403,20.49045450598,1626.0392112918,3.88043260341737,8,318864.716401963,4678826.04781563
"52",973527.03489455,16.4250665481563,415.590414931465,2020,19.0304988402021,41.8788256948589,6.74934746687968,1898.05485885764,7.45340418322333,2,234853.30995217,4683837.2233007
"53",1e+06,2.27747606290623,1514.52576763325,2018,18.3440852662921,17.5494909882545,6.99651594236493,1681.0817080614,2.29165419601813,7,253864.716401963,4622826.04781563
"54",1e+06,1.51202543695415,843.000415920799,1999,9.37331001568586,28.1145097249746,23.8228161028028,1540.98353897095,0.500440120697021,NA,304864.716401963,4657826.04781563
"55",1e+06,1.18632676488769,570.248509875631,1999,22.4327047401667,33.2398833137751,10.4752267381176,2019.78203361511,6.35282526016235,4,255864.716401963,4629826.04781563
"56",1e+06,1.94465160948755,240.365324416417,2020,10.5530875039101,47.7767904376984,14.3122385492921,1780.02163071051,2.54073715209961,8,236864.716401963,4690826.04781563
"57",935652.314399142,13.2593126967469,538.228433117471,1999,27.7961720510807,32.2776835757346,2.66604010686291,1951.9770095805,3.40411626898943,4,233870.497081807,4655835.74526755
"58",984852.120598909,9.27908101008789,481.746960680963,2008,29.9679153750176,32.3266735464675,3.72233581590186,2275.51559942048,6.61248351710226,7,262857.926897297,4660819.2973769
"59",1e+06,7.50465470514575,808.046092691756,2006,22.6746142690629,27.5453648999333,5.60841826849617,1781.88579170227,7.02685221672058,2,248864.716401963,4637826.04781563
"60",1e+06,16.4502300393034,928.622818748847,2011,14.9716662597656,44.2597368285176,6.22791972681182,2015.83434661865,7.2677845954895,4,242864.716401963,4678826.04781563
"61",1e+06,8.42430486562287,520.996694165485,2018,12.848407086134,21.6789208069816,12.3042836266011,1904.2261302948,6.63296206474304,5,248864.716401963,4616826.04781563
"62",1e+06,0.446150049561355,816.003952742889,2006,11.3082674658299,34.9768476551771,13.8177909228206,1747.59779502238,3.01551037299924,4,329864.716401963,4656826.04781563
"63",1e+06,0.0180055903654463,401.335109931505,2006,5.97335370742469,20.1602232692711,23.3467873066664,1438.14512786865,0.421093988418579,NA,313864.716401963,4678826.04781563
"64",995817.222787052,1.46312037402198,531.224008730936,2006,21.1401855113574,33.721622926104,12.1194704723542,1981.63591962597,6.37585422415356,7,320862.802474053,4672824.03987954
"65",1e+06,4.02640320148585,1112.57440304344,2000,23.7541914430261,31.5336893188953,12.0713444121927,1717.89083473206,6.32009229660034,1,254864.716401963,4661826.04781563
"66",1e+06,0.538304613025496,876.960530673756,2006,3.96850593167823,29.7732380843163,21.8426433995366,1553.23836044684,1.08081813905297,8,318864.716401963,4679826.04781563
"67",1e+06,0.442031198665623,815.460743182046,2006,12.1526783898473,26.2444728767872,10.1177463051677,1449.74430140053,0.489401077642673,NA,312864.716401963,4675826.04781563
"68",1e+06,1.32264627023404,1337.38106914375,2006,29.1201298034191,33.6411805039644,4.05956347221625,1985.52318524617,8.03765330430938,1,248864.716401963,4636826.04781563
"69",1e+06,1.54065584463342,834.345056631466,2011,19.1495962142944,38.4321335685253,13.9852581468225,2024.83273583389,0.669762290396341,4,247864.716401963,4679826.04781563
"70",1e+06,17.5549606642716,626.328643286332,2011,21.2708594456315,38.147806712389,2.37203523976612,2107.41546684265,2.80768407821655,2,242864.716401963,4686826.04781563
"71",1e+06,2.93460611503089,845.231126093012,2011,11.0596596584097,30.2909317797422,24.7255302128196,1597.16916057308,4.62579340120641,1,247864.716401963,4690826.04781563
"72",1e+06,3.2017751526969,873.36762469365,2011,17.3794038484991,36.9400051471591,14.9204014169052,1840.02324745178,9.07321248054504,2,248864.716401963,4681826.04781563
"73",1e+06,11.5147978756165,663.023355754419,1998,18.0013316638768,25.0648506134748,7.42119994845241,1674.59904584187,2.92846861118224,7,259864.716401963,4663826.04781563
"74",909893.396331029,6.13990687007107,938.285432956093,2007,16.1120336583027,29.5985097554359,18.1333312822537,1935.92351959564,7.46268443222884,4,295842.634744216,4664856.34317616
"75",1e+06,1.51882489302152,723.215544453129,2018,10.0181214416027,36.1367455053329,6.23510696560144,1562.08758209229,0.967715196609497,2,298864.716401963,4678826.04781563
"76",1e+06,1.28560694551679,326.113221764741,2006,13.0926662191376,31.8775264878571,16.7930989050493,1755.76831449183,5.09086536314429,7,318864.716401963,4676826.04781563
"77",1e+06,5.75965854606267,1172.91494871612,2011,17.1228145256639,46.8656944954395,12.4345468755811,1985.31687667847,4.27761267662048,4,243864.716401963,4682826.04781563
"78",1e+06,11.3771735511882,955.513033872926,2018,9.86609923750162,19.2468371377885,10.1927121382207,1788.80550506592,4.43855288505554,3,246864.716401963,4599826.04781563
"79",1e+06,4.1226331669576,834.814284735168,2011,12.0145246621966,27.3691280177236,28.3452476844192,1701.37540716731,7.8526716169894,4,247864.716401963,4685826.04781563
"80",1e+06,1.79504433209819,1272.5226316089,2018,9.99978161528707,40.2708838045597,19.8898533022404,1686.87134429187,2.8917456557111,2,297864.716401963,4676826.04781563
"81",984202.323036972,1.7841146252112,392.509995912668,2000,24.1551185479941,28.988353742045,6.11577189425691,1858.76090602663,1.71537742191413,2,274868.927673997,4655818.28378805
"82",1e+06,0.839444306443393,1671.57469169326,2018,16.4798481497169,20.6472807753086,11.1863204671443,1684.38191763239,2.87123974783657,2,250864.716401963,4600826.04781563
"83",1e+06,1.12950910381146,1193.34745513862,2018,21.6255929857492,33.8730722880363,7.4193630468077,2032.86338687059,6.64206824884182,7,249864.716401963,4627826.04781563
"84",943847.617058709,1.05582957210361,389.757247422057,1998,13.8147702061023,31.2815958760783,16.0428254236439,1729.79592956269,1.4583522965683,7,259848.764590114,4667799.50507277
"85",1e+06,1.15188224973524,1266.88746595548,2004,18.4338174641132,17.7918499094248,5.34633865997195,1572.27962430628,0.878220451168898,4,312864.716401963,4629826.04781563
"86",1e+06,3.04629549985582,549.708678587235,2000,13.3189976641536,29.9914866888523,6.55519928231835,1703.67863166809,0.947233991622925,4,278864.716401963,4655826.04781563
"87",1e+06,2.50716505326298,1052.11347347045,2011,11.4527089153789,35.2896425354481,22.764785143882,1571.14219650641,5.37605628036871,8,248864.716401963,4683826.04781563
"88",959130.140796229,2.90759778028151,1131.5573555981,2000,29.4958798082301,34.485737954658,5.25118630607,1964.42012675603,6.56832181413968,1,276848.206133545,4657808.19191388
"89",1e+06,5.16424741675799,1117.31535724636,2002,29.1848859322071,33.4055975830555,9.08596656422829,2147.25866795982,6.34867162006657,8,277864.716401963,4637826.04781563
"90",996767.780432618,1.68848414226568,968.043989854052,2011,9.70472608424882,28.4785989883404,37.0688493742398,1747.61159446023,6.29680705773046,3,251863.156985554,4681827.54626978
"91",1e+06,0.332404353474043,474.871749435742,2006,5.94595798098509,36.1241146528721,13.2761400100589,1549.18097482076,0.879610322161419,8,319864.716401963,4680826.04781563
"92",1e+06,8.02060982634335,486.44002345854,2020,14.937318894802,43.5951247520936,6.16987595062536,2168.77809318542,6.55500706672668,6,240864.716401963,4672826.04781563
"93",1e+06,6.62286704309623,833.483346901105,2008,26.4099034053087,31.2995739877224,4.57415556381391,2014.03911964417,6.42828722953796,6,261864.716401963,4660826.04781563
"94",1e+06,1.12782550342908,1484.12216234042,1997,11.4754521046579,32.6946168625355,16.3996835461259,1713.2039037323,1.18844044685364,5,278864.716401963,4620826.04781563
"95",1e+06,2.4487144137534,858.282700835738,2006,16.3753758250139,35.1760702762848,12.9784526088072,1725.75254524045,2.86299671080054,7,318864.716401963,4672826.04781563
"96",1e+06,2.17668347784388,343.569832820321,2006,14.8007061488926,32.6173030877113,13.7543808193039,1754.94395258879,4.15700690310885,8,318864.716401963,4674826.04781563
"97",911761.192744024,2.33374282444712,438.178477854292,1999,23.728789518563,35.9166348709818,8.65044993513733,1888.53134827412,2.17911961629844,2,254828.23297184,4635793.10001094
"98",1e+06,15.0444730024792,664.455592138022,2000,17.078050930351,21.2377207258344,5.85931749362499,1673.75015310892,5.08491833384444,4,251864.716401963,4659826.04781563
"99",1e+06,2.27764663322696,222.381200695038,2006,24.9911165639758,32.5233960092068,8.74110943730921,1877.05111009551,4.78142231266673,5,252864.716401963,4636826.04781563
"100",928946.058156136,0.0522786931435133,1039.09849485769,2018,13.5989925340969,6.79063541966423,33.0586738727331,1505.48855547838,0.554017129231354,4,250837.883371128,4592837.17864085
"101",1e+06,4.18633488265719,1794.71754918874,2000,25.840810868144,28.335232848525,6.5125555346848,1994.3655919517,4.86913506112448,5,274864.716401963,4651826.04781563
"102",1e+06,3.18476716699473,1171.61192147542,2018,12.1461575898528,32.317789708972,15.9528420983255,1875.18897392459,6.4677302383795,3,247864.716401963,4610826.04781563
"103",1e+06,0.880538680270693,1927.9842265832,2018,15.0734794464707,24.3987308561802,13.9067298929393,1973.09556711209,6.11214711622139,6,250864.716401963,4624826.04781563
"104",1e+06,19.610189702611,896.446090795226,2011,18.3104760016128,39.0707934220307,3.55703997466951,2079.65261199969,7.75108347387274,4,241864.716401963,4677826.04781563
"105",1e+06,3.40398424601315,572.826028842874,2020,11.2800681412965,31.8354164206982,25.6459135387838,1744.67172706604,4.04188231468201,5,243864.716401963,4670826.04781563
"106",1e+06,18.984542613738,842.572857631261,2011,21.403505805172,30.969219202362,5.03437289364803,2116.17474514101,5.2271820440525,8,244864.716401963,4678826.04781563
"107",961968.694325324,0.768962965861627,1296.97945809452,2018,16.8115296986196,16.1754641752738,10.8526670766728,1571.87718259557,0.993074980511988,3,253864.408410184,4605843.97286534
"108",948252.887754664,0.892939725412409,2521.06834354328,2006,11.6728300998501,30.6620242934686,23.7837268537857,1728.05189526917,2.93494798470157,8,266850.061476422,4671801.92604097
"109",1e+06,7.97979114418915,829.640398417958,2006,14.506917963326,23.8059947830439,7.20174782365561,1671.03896949768,1.33529224395752,2,248864.716401963,4643826.04781563
"110",1e+06,15.24994295158,980.453169929501,2015,9.42443327754736,37.638529958725,1.32559677064304,2521.25511474609,8.66590599060059,3,281864.716401963,4673826.04781563
"111",1e+06,0.282336286262532,566.245310415915,2006,2.28169892598451,26.2840881977975,29.1836212861538,1612.24382331662,1.43493175971799,1,321864.716401963,4679826.04781563
"112",1e+06,10.4968779768453,637.339585562033,2020,18.9569143959507,41.159968214035,5.06829019404948,2254.85865329649,2.45235781785918,8,241864.716401963,4673826.04781563
"113",996765.645590148,2.3494772031562,510.512354187618,2020,10.3865858813562,45.4571095683385,16.6696189260513,1888.38289445296,2.2262138450744,8,234863.15141439,4685824.91177416
"114",1e+06,11.8106935430339,1095.17039001352,2011,17.9718292874098,39.3000207585096,8.61907988055784,1920.92980086164,4.60130094202553,3,241864.716401963,4690826.04781563
"115",1e+06,2.36463043100065,907.929356444116,2007,25.7397033190727,32.281462893486,5.11519611222669,1839.98502204895,2.12689870834351,2,314864.716401963,4646826.04781563
"116",1e+06,1.40713959200495,1258.89254951308,2005,9.00465392663318,25.9710538351536,22.4004992880672,1641.57308438929,4.70936630062941,3,332864.716401963,4658826.04781563
"117",999591.344628904,0.767182086708466,1812.9259049737,2007,17.0172141965588,18.800738919743,13.9031796210851,1721.36943626404,1.04575358390808,2,275864.516470197,4602826.2488248
"118",961033.354608472,0.345904715080483,714.724779369829,2018,15.0677193709782,9.27032605022579,17.0149578490815,1485.39607208034,0.560443097387838,2,254849.322482335,4596828.43825807
"119",1e+06,2.29085441007964,656.196316618145,2018,16.1082115936279,24.5449295812845,8.30248695828021,1721.24973218964,2.44496021735959,2,248864.716401963,4621826.04781563
"120",1e+06,3.304532184112,1098.61804820873,2018,12.0548181653954,27.1599815504253,9.31721921920776,1690.80485795184,1.7801643836789,3,250864.716401963,4616826.04781563
"121",1e+06,2.62607177730236,663.330192825135,2020,8.56164854675531,34.8479740148783,28.8756439873576,1791.66368959008,3.28954337515482,4,243864.716401963,4671826.04781563
"122",1e+06,1.60890545012691,1112.74119135403,2007,23.6907534319162,34.3804189729691,4.8666138920933,1795.02273968952,1.508171416492,2,315864.716401963,4646826.04781563
"123",1e+06,1.04412690036103,1712.86870070725,2006,20.4199023219943,32.574284838438,10.0393107021973,1779.23138503983,7.15809357215931,2,250864.716401963,4641826.04781563
"124",1e+06,9.42496981785844,829.335085575397,2011,22.3135442689061,31.1548178422451,8.988515232848,1884.92380466949,7.33360083566969,8,247864.716401963,4680826.04781563
"125",938767.160420127,2.08513295031943,679.571699690796,1998,15.5953251517614,33.5817726726532,10.7054519904057,1685.26788219821,3.13910457488029,7,258835.333272202,4668812.01190159
"126",1e+06,9.1040811676693,1228.74270871786,2000,21.0158854919672,24.1245974653214,6.76490174867678,1949.89447021484,6.22833088874817,6,273864.716401963,4651826.04781563
"127",1e+06,1.59318502507553,2040.75318144392,2000,16.8090678933263,30.1068426477909,11.3982982072979,1833.00745834351,2.79778797149658,4,276864.716401963,4651826.04781563
"128",997611.377691708,3.30186151866617,1435.72184868554,2004,14.8681828594984,19.03632738535,6.38987761246986,1616.85609135342,0.818153624143565,3,311865.858744391,4630824.90614607
"129",991358.952780947,6.29191084639677,168.533014421205,2018,12.3903452367193,35.9979814948759,15.6522599499934,1902.65622726066,6.4193947985909,1,295868.646625968,4675825.49270156
"130",1e+06,16.0201534102192,642.415941790258,2011,24.0533390574157,30.0049743846059,1.75780625460648,2378.35818878174,9.35024267196655,1,323864.716401963,4660826.04781563
"131",1e+06,3.48303381144672,1062.41142756056,2018,16.143663136512,27.9086678797007,10.2049505861476,1879.61806335449,5.16203561178068,6,247864.716401963,4626826.04781563
"132",1e+06,16.0505033063052,501.279636420987,2020,17.6504992228001,40.1814441964775,10.5557505513914,1990.55007361435,4.47490747033096,1,239864.716401963,4669826.04781563
"133",1e+06,12.5347766851841,421.470835847732,2006,16.9902557009459,22.2777858090401,6.64384362678975,1629.73665123916,2.23483522926889,2,248864.716401963,4644826.04781563
"134",1e+06,2.43664871967152,518.195813753095,2011,7.67320528081153,23.6562096896768,31.8844390259683,1589.81673234149,5.06308799371487,4,252864.716401963,4683826.04781563
"135",1e+06,2.75626091503628,1150.83403009857,2006,18.8327864655852,39.5989782810211,12.2944108883291,1834.44136642456,4.04341395378113,2,330864.716401963,4666826.04781563
"136",989650.879620582,5.82110241894854,1165.29729059842,2000,15.1989967522932,27.9074592620493,11.0274079585192,1744.26007166573,3.01240072291498,4,278859.848394391,4656821.5298987
"137",1e+06,1.67662234314315,957.781190009046,2006,17.8100158317387,34.1977346146107,12.7184416791797,1903.75628822327,4.94712636947632,6,320864.716401963,4670826.04781563
"138",999517.624000691,10.3278044088895,672.49343792465,2011,23.0779943836198,36.4182158754824,7.56791987257528,2109.46116371155,2.66594048500061,1,245864.955596606,4678825.97036446
"139",1e+06,1.3072158474185,418.187809774682,2020,9.10425269521773,42.3531294465065,18.8396268069744,1760.46524353027,3.03550935745239,1,234864.716401963,4689826.04781563
"140",1e+06,2.10687176236798,1144.02805320449,2018,11.359369796291,25.1623002830148,18.3508965033293,1773.05985018102,5.91303663009834,3,250864.716401963,4606826.04781563
"141",1e+06,1.4127518654147,1383.8118427569,2018,20.5424961644411,26.1304742318392,7.59298703558743,1755.96851249695,1.85356115341187,6,254864.716401963,4623826.04781563
"142",1e+06,1.48195174534057,1193.84524168759,2006,10.3760260890424,37.1652627116442,19.58959946068,1732.79871455096,2.24347878750558,7,318864.716401963,4671826.04781563
"143",954506.92575449,1.49178069277496,1094.58614990461,2007,23.6394774454449,34.93990713147,5.04802001835009,1687.85970722273,1.12706571092793,3,316844.394007276,4648843.31767474
"144",1e+06,1.30999662701191,1561.95641975607,2000,15.5067207235098,32.8320117092133,13.6969494122267,1819.71396194086,3.4256324209818,3,277864.716401963,4652826.04781563
"145",1e+06,0.680598761190634,816.850994149706,2006,5.65148910084972,30.9906315416098,17.5000501003861,1592.08389625549,1.85490383148193,1,319864.716401963,4679826.04781563
"146",1e+06,1.78236950175275,410.993007974219,2006,16.0841224403679,40.010968323946,13.228952434361,1736.87802330017,3.78103154182434,3,323864.716401963,4676826.04781563
"147",1e+06,5.51522841313151,745.806862513402,2011,13.6221147503704,31.547162566781,21.6991961020604,1931.85038238525,4.58868827819824,5,249864.716401963,4679826.04781563
"148",1e+06,6.29232611023003,143.626107501257,2006,20.9722784510255,36.1199654614925,7.38649550791357,1946.83519874573,7.59150775909424,1,322864.716401963,4675826.04781563
"149",918856.249658068,0.451449466685194,1840.64233522602,2018,13.2030376809722,21.5193249998377,12.6923819805387,1816.71999500069,6.41016459188741,3,251826.394500893,4623837.1454027
"150",1e+06,2.59664090373397,877.393294577211,2000,18.1758173027635,29.6058724400401,16.9640914864186,1648.322359113,5.94927515169469,6,253864.716401963,4660826.04781563
"151",1e+06,2.33074889238969,1228.72924668691,2018,8.52590181261301,35.399546071291,20.4623629292846,1838.07078063965,3.73282296180725,3,248864.716401963,4610826.04781563
"152",1e+06,0.130153385401294,414.70716683192,2006,8.03781446565408,27.6463774953922,13.4280289378762,1496.24854141235,0.613855667114258,NA,313864.716401963,4673826.04781563
"153",979332.160701199,3.91839629356706,949.137559268652,2006,23.5239833742001,34.0171454626185,6.29181397261463,2060.85777692478,9.1693989785431,3,249856.703957842,4635835.74211612
"154",960749.700825616,0.989326335898457,166.298750627236,1994,28.7111120902551,31.6840743864338,8.5662361326378,1733.27578858655,2.12141281667382,3,244874.940007659,4660844.37935392
"155",1e+06,6.99817735866504,443.225841292352,2011,24.9800089484453,38.2465081393719,3.8604351665132,2331.66702940406,6.50814316912395,5,322864.716401963,4659826.04781563
"156",931633.694345548,2.18440659454451,1852.56154861963,2018,8.73581593052761,33.4422990425213,10.6897689377939,1578.28462703402,1.29878540650637,3,299836.462810318,4675853.01331313
"157",1e+06,0.212714567900437,399.796726187208,2006,2.76811690623465,24.697474418385,16.5321766474843,1567.25538285418,0.981403602041849,1,320864.716401963,4680826.04781563
"158",1e+06,11.8600839889747,858.823403962788,2011,24.8288153943419,36.9523718929291,3.84263946705149,1963.15296432495,6.4504265499115,8,243864.716401963,4687826.04781563
"159",961595.237068176,0.755230301946064,1632.02548611295,1985,3.82712540506987,21.6197905657823,19.4945331178799,1406.63863696384,0.420779424882585,3,255847.800634968,4684810.5883706
"160",1e+06,1.38113730702627,1549.66239084422,2007,14.8150534951687,37.3034011256695,13.2741312031448,1786.59349914551,2.11626465797424,4,295864.716401963,4667826.04781563
"161",1e+06,4.95801396597818,273.571383557026,2000,14.3738140371442,24.8730658936501,5.35345846489072,1678.36797224836,1.22156811225705,2,279864.716401963,4653826.04781563
"162",1e+06,2.62607177730236,663.330192825135,2020,8.56164854675531,34.8479740148783,28.8756439873576,1791.66368959008,3.28954337515482,4,243864.716401963,4671826.04781563
"163",989310.104402947,5.00436072429502,933.455840823313,2000,18.6577018329505,28.2475919561158,15.0871625587739,1742.53898070904,6.15053821647957,4,254860.106379226,4660831.09833632
"164",938192.008494397,1.84572865211204,2427.29950703181,2018,8.55558528404034,31.2466724185931,18.1927612884855,1547.68127401721,1.32663461910888,2,296890.828152309,4680802.07093914
"165",1e+06,10.3688183412934,745.077776767778,2008,30.3575395995378,27.299767835252,4.41463453930359,2045.51871330261,7.49319789886475,8,261864.716401963,4661826.04781563
"166",1e+06,3.15286197389815,1260.61912058112,2005,6.14939093226069,26.4246828135848,25.2752685892582,1560.53193405151,1.27191422462463,3,334864.716401963,4661826.04781563
"167",994577.569526054,1.16724654616754,756.279448913393,2011,6.00186377729935,23.293982080329,40.9560122310217,1615.56428057558,4.80628331730567,2,253862.091678863,4680826.78185666
"168",900437.315366628,0.376502540159247,462.879746329357,2011,3.15642350986144,21.7843399134549,38.9655486400311,1475.79769591271,2.41249420064628,3,253904.892881496,4683863.23635856
"169",1e+06,2.73191633127611,679.363555179592,1999,33.5262019914389,27.8607972747087,3.22559923495632,1892.44831557855,4.02668227219,3,253864.716401963,4638826.04781563
"170",979655.706551949,2.16966599258735,1152.02330740194,2006,27.3498812040706,33.6912615302262,5.99528138537885,1905.93360734713,8.94180642527383,8,249855.197979942,4636834.10091542
"171",1e+06,1.28770595657096,189.656048988629,2006,22.2091606968641,35.5013234394789,11.2409469545633,1862.1467805481,5.70253041267395,7,319864.716401963,4676826.04781563
"172",1e+06,0.286703194977815,751.426425049462,2006,3.30375766669167,40.1711167025566,15.1064634549618,1550.52168460009,0.991606279698814,7,315864.716401963,4675826.04781563
"173",1e+06,0.0851972766005294,712.3012223869,2006,4.22926629420661,21.7888695549965,22.6518486469984,1464.05676170349,0.629890718460083,NA,313864.716401963,4676826.04781563
"174",1e+06,5.10483489315897,511.917110065995,1998,13.2923525356129,27.4206647998095,18.6869165575504,1675.68440335902,5.37303044388934,7,259864.716401963,4666826.04781563
"175",916029.325840001,1.92181150599663,508.776928150824,1999,26.241298490955,36.7443606377303,7.96945790362505,1952.10086973633,3.52112826686595,3,238906.243897917,4657833.76079674
"176",960549.680251339,3.7832807040027,1372.29182447666,2006,34.1024036774268,30.2270427365657,3.06304253526179,1969.79833652318,5.01659156127297,8,251880.844452993,4638808.97289883
"177",1e+06,1.12474397037354,978.348950989531,2018,19.0289989450574,30.9626664978266,6.10921098394319,2125.72482337952,6.80792763710022,2,248864.716401963,4628826.04781563
"178",1e+06,5.46559324516425,515.15675908389,2020,11.1191110059991,32.7250997170806,18.1664077889919,2060.11656620677,8.23960912750989,5,239864.716401963,4667826.04781563
"179",1e+06,11.2590694070842,940.142210370681,2011,23.7618992655166,45.0321382262185,3.1035030103592,2199.94875259399,1.13142766952515,4,240864.716401963,4678826.04781563
"180",1e+06,1.59334699418954,806.005380043109,2020,8.76156904518604,40.8956122422218,27.6058621418476,1790.91385398865,3.32202230453491,4,242864.716401963,4670826.04781563
"181",1e+06,3.2291360105004,899.091287281879,2011,6.83795036043972,23.6508069705963,37.6916892783344,1581.73153518677,4.99546199798584,4,248864.716401963,4687826.04781563
"182",980303.070512022,0.141244814061907,3297.60930666292,2006,8.32307178600723,29.7022881047395,21.4613102000429,1782.22361459537,2.70718992972861,2,266856.731818021,4670835.23540203
"183",1e+06,16.3745712617084,222.942833124234,2006,19.5395460318774,31.1743391621485,4.62315207808573,2041.66601478577,9.01877505302429,2,328864.716401963,4666826.04781563
"184",987468.316631189,0.0764902194758361,1490.49978868095,2018,9.31313239314147,10.678648010377,30.2213199194438,1582.20825384042,1.9930897030332,3,248858.917544664,4592831.29310587
"185",1e+06,5.87636845526272,760.229707882891,2018,26.6681844395399,32.6715415000915,4.37129022564186,2096.58804842321,4.19896218267528,7,247864.716401963,4630826.04781563
"186",1e+06,5.65767361447004,210.862375522425,2018,13.3609492173791,36.5672781831026,14.9908593953401,1982.31554833389,6.84266160174114,3,294864.716401963,4676826.04781563
"187",1e+06,9.54946446521135,821.671694039879,2000,23.8617939010262,26.1558993977308,7.90755377861438,1813.90689437866,6.63787579536438,4,251864.716401963,4660826.04781563
"188",920131.363309741,1.78173326655346,1044.20447561815,2007,10.974207060218,34.99290734071,21.2587806792394,1760.01888668239,3.76789519168593,3,296895.297828265,4663858.92792451
"189",1e+06,4.88377358312043,553.286111066486,2006,28.0155042523146,29.711929948926,6.55666705835611,1855.78451343834,7.84747656663921,1,250864.716401963,4636826.04781563
"190",1e+06,3.78173666029824,956.626224653057,2006,17.0472479462624,23.7184021764994,6.08922249808908,1632.35282897949,1.6418168258667,8,249864.716401963,4645826.04781563
"191",1e+06,1.3493500637474,1023.08349299183,2018,22.6034222024679,31.8631841492653,5.45071324184537,2049.25987742354,5.23797605561047,7,247864.716401963,4628826.04781563
"192",941276.275983147,0.795119036329963,681.955794747679,2011,6.6412370343005,31.6753510212315,30.7669969303121,1537.53955721855,3.71360216538111,2,253837.82369148,4681806.68098295
"193",1e+06,1.77206589759711,240.197049423346,2020,8.41759861469269,41.4084853184223,22.8733140609413,1677.01580276489,5.75593001365662,7,234864.716401963,4690826.04781563
"194",976772.03107515,1.2216765097851,1391.2266204969,2018,9.04836347584834,26.9723824082738,20.0311409485005,1803.63732238926,5.2786799086939,3,249854.672301175,4613815.76709707
"195",994472.216842178,3.9656066836158,446.450920990474,2011,19.3100835640926,41.6562687316483,4.87154834292702,2353.80064308826,7.36379196569278,6,323862.24613456,4659828.70264398
"196",1e+06,1.40465414429879,1357.87866411572,2018,19.5506871986389,21.1981785035133,6.31276339530945,1725.04067550659,1.63500247001648,7,254864.716401963,4622826.04781563
"197",1e+06,0.898530526728314,1322.53748751512,2018,10.5596860184032,9.08794236640446,32.5980924227834,1647.12993415833,2.601248960495,6,249864.716401963,4596826.04781563
"198",1e+06,1.62945230103231,973.719442792542,2018,20.5894066941738,34.0349078071117,5.75596350383013,2195.79847396851,4.57843864440918,4,248864.716401963,4629826.04781563
"199",1e+06,1.59334699418954,806.005380043109,2020,8.76156904518604,40.8956122422218,27.6058621418476,1790.91385398865,3.32202230453491,4,242864.716401963,4670826.04781563
"200",1e+06,1.00269646701336,1830.37036354567,2018,15.5963796699047,27.8443834847212,13.3289752586931,1936.35244636536,5.87415814399719,3,251864.716401963,4625826.04781563
"201",1e+06,1.21662901329874,245.352946859442,2020,8.99023480251432,47.6348330998421,20.3204089018703,1825.50104273354,3.87115950235506,8,236864.716401963,4689826.04781563
"202",980340.328823681,2.55585219125894,859.015168824529,2018,15.0468326076875,19.2990146625414,9.66561189793416,1730.1024027962,3.51755779892651,6,249856.376824597,4621834.90230303
"203",1e+06,12.3898726194637,584.248706580033,2020,18.5625845302374,39.5194073891028,3.41714778920033,2223.87082720501,3.14210595851991,7,239864.716401963,4672826.04781563
"204",940481.724042043,0.886681501166365,1092.7078169105,2018,13.1215607353846,15.4800100987752,15.5643792427778,1727.5415450866,5.18004488657756,2,247891.569080871,4592846.28067275
"205",1e+06,1.88910863683707,1215.64697925607,2018,11.4665588119626,31.1611647802591,16.696384741962,1851.78427965118,4.82529858845036,3,247864.716401963,4611826.04781563
"206",958104.969394103,3.51934157419596,552.712489625925,2008,16.7088863319993,34.1059438149393,19.1916907802855,1859.70837806197,4.99778717079115,6,262844.406109022,4665829.82728671
"207",1e+06,1.82133945931168,1582.32574959197,2018,23.8900969856977,25.9793326765299,6.13299509057775,1887.08845036204,4.17637983182581,4,255864.716401963,4624826.04781563
"208",1e+06,2.43607064660486,244.500755592904,2006,21.3959345281124,38.7477158808708,7.78393998210624,1836.96442632908,5.66663427585509,2,320864.716401963,4677826.04781563
"209",1e+06,1.66544827933669,179.478369373977,2006,21.0482595038414,34.3454418212175,10.4559802196966,1866.46490119934,5.7047882938385,7,319864.716401963,4675826.04781563
"210",1e+06,0.133673618594919,765.146125713288,2006,2.07587546562256,21.4993628077395,30.5907867926359,1607.62282051086,1.92685091018677,1,322864.716401963,4679826.04781563
"211",1e+06,1.22184285577555,1621.90878755246,2000,14.6884728735685,31.4425948381424,10.9994415943325,1808.49146466366,3.40853014054715,3,277864.716401963,4650826.04781563
"212",1e+06,4.7955689720809,474.511053528105,2000,13.2461137577891,25.1822355782986,6.45256846517324,1685.53369293213,1.30630311012268,5,279864.716401963,4652826.04781563
"213",1e+06,18.2046129213105,606.728293237389,2011,28.6091380041838,31.3486406350136,3.38762217157318,2206.37880065918,8.86260500907898,2,322864.716401963,4660826.04781563
"214",1e+06,2.2555253371769,1043.35812471767,2011,8.43304181315005,32.5921367192268,36.6339711110294,1684.71419454435,6.62351143069384,3,244864.716401963,4690826.04781563
"215",934371.82864803,7.78956551740292,788.579747612268,2008,28.5512933092315,28.9468783830846,8.46270826644946,1940.79601939229,6.86997756758807,6,261895.809610813,4662812.41610016
"216",1e+06,5.52870747077201,1096.41289193735,2011,30.0381391131878,44.2767342412472,3.67182198938914,2047.94014091492,1.76391780853271,7,240864.716401963,4686826.04781563
"217",1e+06,7.32083350410807,540.265902605622,2006,15.7975573844463,29.4772308806144,13.6512583171291,1908.40676933289,8.70852537155151,4,330864.716401963,4664826.04781563
"218",1e+06,5.99371568478882,835.692527453988,2018,17.5004787681997,35.5506928053498,8.70251599330455,1945.34040603638,3.99817587852478,8,281864.716401963,4642826.04781563
"219",1e+06,11.1103166134338,952.168904813043,2011,19.8413590246439,43.048971209228,7.05920717861212,1985.30487205505,2.76961688041687,7,240864.716401963,4689826.04781563
"220",1e+06,19.9743475325586,882.794055732109,2011,29.5973717665672,36.0443180260062,3.16608908904866,2034.46682865794,2.43026628261659,1,241864.716401963,4687826.04781563
"221",1e+06,3.37339846334117,1118.23799082879,2011,11.7731301849335,42.8885188829899,22.1641247213632,1850.63264852384,7.28349490282012,4,242864.716401963,4691826.04781563
"222",1e+06,1.69867354255991,1319.8685797721,2018,16.1800602343678,35.100048469305,10.0095282670856,2194.07551879883,6.14238887879907,7,250864.716401963,4629826.04781563
"223",1e+06,0.332404353474043,474.871749435742,2006,5.94595798098509,36.1241146528721,13.2761400100589,1549.18097482076,0.879610322161419,8,319864.716401963,4680826.04781563
"224",1e+06,5.13682742780347,598.371132454558,2020,12.3952186445892,35.9985659909248,16.0897208556347,2024.50106588224,6.40983755530381,3,240864.716401963,4668826.04781563
"225",1e+06,1.65291214461504,1411.03880954201,2018,12.5983859360218,28.4786352497339,12.4203063058853,1773.87168731689,4.04081079483032,3,249864.716401963,4611826.04781563
"226",997266.423496358,1.08983894676076,1603.97579987899,2018,18.6828871567546,19.4423192353568,6.12348858699548,1695.17658056074,1.42246215111902,3,255863.381598766,4621826.07864101
"227",998405.009814158,1.30974226120133,417.369138463916,2020,9.10425269521773,42.3531294465065,18.8396268069744,1760.50845831845,3.03684339242647,1,234864.584710869,4689825.26106348
"228",1e+06,3.72019608905519,645.780036088227,2006,15.9113632379472,31.5684813123941,13.0468830452859,1810.32239759492,4.31931731991652,6,319864.716401963,4671826.04781563
"229",1e+06,18.3570063963654,881.235405856527,1996,12.9070611013472,20.177029646039,6.10989919334184,1700.3712437055,4.42914695217807,7,256864.716401963,4656826.04781563
"230",1e+06,1.3159039900249,1314.90488977864,2018,12.2586148183607,12.211169915949,20.7713417638466,1625.48385255395,5.73721706111257,3,250864.716401963,4594826.04781563
"231",1e+06,0.269656990291189,1600.59519557227,2006,22.6690801203251,28.4437051606178,4.89191695727408,1762.81687911987,2.65122490882874,7,249864.716401963,4640826.04781563
"232",1e+06,0.682036083643465,1075.07708157346,2018,16.4478555899858,28.9897334259748,9.75281494528055,2092.55430684904,6.90642857435273,4,248864.716401963,4627826.04781563
"233",926894.473627001,8.16875033078905,855.011962790967,2011,20.2896910352539,29.6157775299475,20.5145756681557,1796.70639552066,7.77844022449694,4,245890.249107925,4680856.18056883
"234",1e+06,0.73380628095134,1420.56241568567,2018,9.72143166318536,14.7226589825004,28.9677167415619,1727.86476242065,5.13057175636292,7,249864.716401963,4597826.04781563
"235",932802.073426971,10.8532101992131,245.160276379496,2011,16.914033145432,35.2239600763195,9.47881681947281,2065.12369072977,7.01379993661641,5,323889.748679694,4662797.12943264
"236",1e+06,3.44415639957169,809.274137234311,2011,8.10349905527197,28.6820027790964,24.7417772120237,1622.69951386823,3.25471268744074,3,253864.716401963,4677826.04781563
"237",1e+06,4.59317676996041,769.56235807927,2006,20.2775831225514,37.907918895483,10.6607438930124,1763.12937026605,4.5327091217041,4,326864.716401963,4673826.04781563
"238",1e+06,3.10902519500676,957.984870530366,2018,14.9829238787666,14.4551857701689,15.3366392274387,1684.7771723938,3.05103911399841,5,246864.716401963,4597826.04781563
"239",1e+06,2.46312889651732,1677.91978267155,2018,22.7764455217123,25.380896832943,6.53354752536863,1798.88860964891,3.78336676620856,6,254864.716401963,4624826.04781563
"240",1e+06,1.31383259182469,402.961396029251,2020,6.78563917829918,23.9740831973533,33.6739778132011,1904.16415542603,6.32848298072815,5,245864.716401963,4672826.04781563
"241",1e+06,0.357007799248377,423.199355235538,2006,8.74586419641717,29.926024864912,28.6946081113815,1649.02715248108,3.12076873779297,1,322864.716401963,4678826.04781563
"242",1e+06,0.298583248630449,909.80908203125,2006,1.89796117756319,26.6586767250299,23.4315850257874,1494.27567077637,0.748383026123047,7,314864.716401963,4676826.04781563
"243",1e+06,8.41607176675783,84.2836554288373,2006,20.8700097969174,36.4823983931541,5.13183956836292,2020.56759241616,8.62592939051186,3,321864.716401963,4675826.04781563
"244",1e+06,2.01561859634897,1117.83110458913,2011,12.4258445820212,28.9375360578299,33.9165492744744,1701.59701106374,6.4410366151391,4,246864.716401963,4688826.04781563
"245",1e+06,7.39392962613848,946.050294639383,2018,15.6413889983296,29.4449796542525,10.3184636714309,1935.66803258094,6.79033966336769,3,247864.716401963,4609826.04781563
"246",1e+06,4.04842828353717,753.437104903995,2000,24.5126583817601,31.0846583664417,8.82865377412643,1845.50962316001,6.86304432008325,3,250864.716401963,4658826.04781563
"247",1e+06,1.57686653070828,1907.62669626171,2018,19.1263638746738,17.5053350639343,9.02673997938633,1628.30027740479,3.28474599838257,3,252864.716401963,4605826.04781563
"248",949096.277031679,8.05680527886513,1131.80076724291,1984,17.9397794881826,27.8461983317421,4.92185418861647,1720.28654431011,1.43686906180425,6,288868.904093155,4667806.34945543
"249",1e+06,1.16489618941699,1237.15874998627,2018,13.0570720002055,29.8030193144083,17.8427980951965,1909.84792740985,6.2912212557909,3,247864.716401963,4604826.04781563
"250",1e+06,1.02775836642568,1387.75964587782,2018,14.0091881066561,31.377661344409,15.0468274680525,2066.88251838684,6.48104222297668,3,251864.716401963,4628826.04781563
"251",1e+06,1.72461940766459,1276.18425026072,2018,15.9498116645217,28.3689950224757,13.4596066260338,1960.54506393433,6.7005191898346,7,246864.716401963,4604826.04781563
"252",1e+06,1.5027277284545,1319.00283164054,2018,17.987686804831,31.235000128746,8.09204886749387,2155.58579652368,5.83667008934951,4,250864.716401963,4628826.04781563
"253",1e+06,0.576144301006958,837.323426797728,2006,2.83350162177463,26.4826500672102,13.7780186828971,1527.88693840027,0.749871273040772,6,314864.716401963,4673826.04781563
"254",999995.856158376,0.848811748368016,1267.14497615231,2006,12.9546503234096,35.5552384123206,13.8461049713194,1753.74221939087,3.44383966445923,4,330864.714330727,4657826.04634093
"255",956799.79145363,1.82250991568973,1181.33691956567,2018,16.9216433031352,34.5905646695865,16.3702548862755,2023.6330952381,6.08913469587054,6,246886.26206736,4606822.96839927
"256",1e+06,0.12227793298247,412.74547550596,2011,3.28363293029834,20.1728545975685,35.9260850858688,1441.39102403594,0.615430664434666,1,254864.716401963,4683826.04781563
"257",979167.650353983,0.212001097394217,530.662832140026,2006,9.48819688362296,28.048672439032,13.5753802892439,1429.47832474601,0.408492446890116,NA,312874.308574321,4677817.41412143
"258",997295.326303542,0.475648261199527,3519.83744682899,2018,4.39840431666829,25.9643924453042,39.0193316369969,1512.42224872183,0.831206527946955,3,300865.976655304,4677827.35648158
"259",926594.440383079,1.57810948041374,1008.06228409795,2007,20.4445700989954,32.2029077799074,7.51514002489609,1716.98052440091,2.56914002903383,3,313891.58652234,4649795.43762353
"260",1e+06,4.02938174411017,897.480192522417,2006,18.8493717649579,40.2461441969872,13.1213831463456,1717.80487770081,2.77457500457764,2,328864.716401963,4673826.04781563
"261",1e+06,1.33980957821865,1154.69576667337,2000,10.7078688904643,28.045523121357,26.7847832484543,1943.08378630847,6.66896419059939,5,276864.716401963,4656826.04781563
"262",1e+06,2.75305692095674,913.974561099117,2018,10.0656821912527,39.2236756706238,10.9880789333582,1595.43654159918,1.56851829900974,2,297864.716401963,4678826.04781563
"263",1e+06,2.00370364625695,1373.02804342396,2018,10.788499424234,23.6126225493848,17.2523034510016,1758.59081324135,6.1966472532691,4,249864.716401963,4612826.04781563
"264",1e+06,3.64426604033119,885.082399513017,2000,19.5520740351081,26.3668747657537,8.00246883422136,1611.9299399027,3.40931019666718,5,252864.716401963,4659826.04781563
"265",1e+06,17.3503865910238,498.313611071648,1998,15.50062235713,23.167163066268,6.43082037837382,1680.90096733279,3.003967601497,6,259864.716401963,4664826.04781563
"266",1e+06,17.2608395397228,631.214063703808,2020,15.1134141202644,42.2672895729542,2.59431806263634,2219.86873972823,6.74067453523961,3,234864.716401963,4665826.04781563
"267",999066.883234233,1.10499605690722,369.734170141583,2006,13.2293427329722,34.2618567148844,18.8701983109499,1739.27648344139,3.73349830473642,8,318865.170724518,4675826.23374643
"268",1e+06,9.93900004498739,1310.70018607254,1996,18.6637052452564,23.7479961168766,6.86481240363792,1579.73233300186,3.58409127026069,7,255864.716401963,4656826.04781563
"269",1e+06,2.51430754528804,812.110330091204,2020,9.89828313224018,32.6160613298416,31.4763607454672,1716.80075889587,4.41235638618469,5,242864.716401963,4669826.04781563
"270",1e+06,1.77705333563303,1322.01792191799,2018,17.8679618230462,16.5737806378305,9.42964441163931,1648.98146202087,1.52302297592163,2,246864.716401963,4596826.04781563
"271",972434.596669323,3.51131871702008,616.041340283831,2020,11.7272430439291,36.1675258915629,23.4477754978116,1968.54374735858,7.68747260288718,3,240877.673469442,4665820.08005154
"272",976662.544543141,5.95687967747538,571.384533558744,1998,16.0184760419013,28.3556032406833,13.7529714270939,1525.62042921417,5.68266164040079,7,257875.836695348,4667818.36466546
"273",1e+06,1.93597355422584,1310.35164458739,2000,22.4109635075927,33.1864479696751,9.53097860867158,1999.93380485535,5.75863870620728,4,276864.716401963,4649826.04781563
"274",1e+06,0.881998747171794,1255.18067197749,2006,15.6777968361974,37.4977203524113,12.0489315445721,1841.86264526367,4.79483028411865,2,331864.716401963,4663826.04781563
"275",992819.244351532,12.9660960236773,155.478642975049,2018,14.567294327909,33.8538310070602,9.51586361069809,2002.69600277307,7.46362527331466,2,295866.669326063,4672829.52059057
"276",1e+06,2.35042384352468,1187.46311595053,2018,14.3266483536363,31.7110659253597,14.0923566137254,1881.61791908264,4.41923310279846,7,248864.716401963,4604826.04781563
"277",1e+06,1.50571937334212,975.635308288574,2018,16.7290061742067,24.0266797378659,8.483481644243,1743.91794876099,2.85875913619995,6,248864.716401963,4622826.04781563
"278",1e+06,3.70824102297184,798.43274574528,2011,16.073173110038,41.0359728485346,16.5898440589756,1951.37536214435,5.32351304235237,6,244864.716401963,4685826.04781563
"279",1e+06,2.64173623741163,1177.58758676918,2018,20.3412728047371,34.6963927280903,7.67314214695245,2051.55826386242,6.30692411283167,3,247864.716401963,4632826.04781563
"280",1e+06,6.47867776836096,529.70855950001,2011,8.04984967292054,23.5371534085274,30.5459546207637,1587.83969039917,5.01226841926575,4,252864.716401963,4682826.04781563
"281",1e+06,0.363483113964368,1978.7479984323,2018,12.2476233948767,23.6634466215968,18.6564219775796,1784.0790452838,3.87239222665545,6,247864.716401963,4600826.04781563
"282",1e+06,5.46559324516425,515.15675908389,2020,11.1191110059991,32.7250997170806,18.1664077889919,2060.11656620677,8.23960912750989,5,239864.716401963,4667826.04781563
"283",1e+06,0.0590314184991835,1322.49507423986,2018,8.84374027192593,9.10617889639456,35.0834449192882,1590.78435501099,2.84900729179382,4,248864.716401963,4593826.04781563
"284",1e+06,15.0716058811549,749.976708492068,2020,12.9984878708725,42.8511643910408,3.59317919447552,2235.6175593025,6.56555440835766,5,236864.716401963,4668826.04781563
"285",1e+06,0.105350594096918,1212.10415153107,2005,9.00088026061654,32.9896590924263,11.6764163418114,1507.3268787384,1.17349950790405,3,334864.716401963,4658826.04781563
"286",962282.756773531,2.64326400669295,538.795095386329,2011,21.0453287394811,31.4890557323825,6.54327127212069,1867.62479923582,2.98767759452746,7,266848.824611121,4620809.9261219
"287",997206.527146623,3.16989411038728,1601.31917394532,1999,15.3656969161617,35.9694719822803,19.4713068386604,1841.5043897157,2.95440759820048,6,269863.395079885,4669824.75656462
"288",1e+06,6.29831044295285,1130.49764811305,2011,20.6964127507806,45.340556665659,10.5218205563375,1906.78059949086,3.03182984306158,1,241864.716401963,4691826.04781563
"289",907274.874536925,5.56038604977389,921.331912660543,2011,19.4546468738707,39.8612233794405,11.8266887867608,2070.07605273907,1.54168269398448,3,246830.211453924,4678863.64671633
"290",1e+06,0.00995731671553871,790.918313630312,2018,10.9474868528545,5.72291245321976,38.3561236822605,1488.40037201672,0.441714868312929,NA,250864.716401963,4591826.04781563
"291",1e+06,0.901823189752682,1299.26284303172,2018,18.5123490017653,27.5640088689327,8.14814515981823,1865.51552764893,5.83773258209229,6,248864.716401963,4625826.04781563
"292",1e+06,2.56752205182182,855.467607250298,2011,14.6312151446939,37.3066468638182,20.8057281790161,1946.41323242187,6.15971011161804,3,245864.716401963,4681826.04781563
"293",1e+06,6.82114356636312,730.343215357926,1984,16.8489640238881,32.1677894294262,13.0075157277659,1945.38334901391,6.48101973184725,6,290864.716401963,4668826.04781563
"294",1e+06,3.27418642200884,784.590369446191,2011,8.92785075396299,30.6096312260628,31.0178494371474,1608.50659469604,6.60618232727051,3,248864.716401963,4686826.04781563
"295",1e+06,0.730540861968821,1539.84745263628,2018,9.81398445658386,32.792931740284,19.6568254479766,1785.77221331123,4.50636024633949,3,250864.716401963,4609826.04781563
"296",1e+06,2.84387178355944,1233.72571435487,2011,13.5040944801271,36.9786046200991,24.2962472665124,1798.15734970093,7.55325934410095,4,243864.716401963,4689826.04781563
"297",1e+06,11.3353230932227,1324.47492423272,2000,13.6879986326396,25.8098693913221,7.32903793213889,1823.27360720751,4.42503285291718,3,277864.716401963,4649826.04781563
"298",1e+06,2.69069751534289,1021.01645528369,2011,12.8820267371088,31.6331760668755,30.1072390342504,1660.87682807736,5.7769451513523,3,247864.716401963,4682826.04781563
"299",909635.785881968,1.92534248852563,1119.17002214374,2006,7.55512154952874,34.4205820968148,22.6877367489967,1622.99022130199,1.64379507067421,3,333905.377939676,4661814.50584388
"300",1e+06,2.05563634692516,986.011660565967,2007,19.5602721786499,28.5452472436428,7.22244348317385,1750.92364875793,3.25801142692566,3,314864.716401963,4648826.04781563
